Workbook
Name QID_List: Student_Master!$B$2:$B$232
Name Student_Name_List: Student_Master!$C$2:$C$232

Sheet README
A1: QSTSS Students Growth Dashboard
A3: Purpose | B3: Show student growth pre-QSTSS, during QSTSS, and at graduation / university destination.
A4: Internal longitudinal source | B4: Panel_Data_QSTSS Marks analysis.xlsx (3 cohorts, 4 years each).
A5: Pre-QSTSS baseline source | B5: QID-matched admissions baseline source. Attached file includes Classes of 2024 and 2025; Class of 2023 remains formula-ready but requires a 2023 admissions source file to populate.
A6: Graduation / destination source | B6: University admission files for Classes of 2023, 2024, and 2025.
A7: External readiness source | B7: SAT from university admission files; school-level SAT / IELTS / AP trend from attached reports.
A8: How to use | B8: Start with Dashboard_Executive. Use Student_Profile to select a QID and view baseline -> QSTSS trajectory -> graduation outcomes.
A9: Important note | B9: Teacher-level and student-level engagement fields are included as structured sheets, but only the indicators supported by uploaded evidence are populated.
A11: Manual baseline update workflow | B11: Admissions_2024_2025 is rebuilt in Student_Master QID order. Baseline_Entry, Student_Master, Student_Growth, Cognitive_Profile, Student_Profile, and dashboard lookups now use XLOOKUP with error handling.
A12: Admissions_2024_2025 editable columns | B12: D:W (prior school through source).
A13: Calculated fields | B13: Baseline_Entry K, M, N, O, P, Q are formula-driven from admission inputs and CAT4 subscales.
A14: Baseline_Composite logic | B14: AVERAGE(APTIS_%, Math_%, CAT4_%).
A15: Student_Master baseline | B15: Column I now looks up Baseline_Composite from Baseline_Entry.
... A20: University and Major source refreshed from attached cohort workbook on separate cohort sheets. | B20: Student_Profile, Dashboard_Executive, and all chart sheets were rebuilt and standardized for publication-ready presentation.
A21: Student_Profile University, Major, Sponsor, Final Secondary %, and SAT Total now resolve directly from University_Exit by QID.
A22: Enhancements added in this version
A23: 1. Student_Profile now supports search using either QID or student name via paired input fields and a resolved QID helper.
A24: 2. CAT4_Current_Master refreshed from CAT4 all grade levels.xlsx to populate current cognitive values, including Class of 2022 where available.
A25: 3. Automatic cognitive classification and evidence-style interpretation have been added in Student_Profile and Cognitive_Profile.
A26: 4. New sheet Cognia_Evidence_Page provides a cohort-level evidence snapshot with KPIs, summaries, and charts.

Sheet Student_Master
A1: Cohort | B1: QID | C1: Student_Name | D1: Entry_Year | E1: Exit_Year | F1: Entry_Overall | G1: Exit_Overall | H1: Gain_Overall | I1: Baseline_Composite | J1: Baseline_Available_Flag | K1: Starter_Group | L1: Entry_Band | M1: Exit_Band | N1: Band_Movement | O1: University | P1: Major | Q1: STEM_Major_Flag | R1: Direct_Admission_Flag | S1: Final_Secondary_% | T1: SAT_Total | U1: Sponsor
A2: Class of 2022 | B2: 30463404774 | C2: حسن اسماعيل على العمادى | D2: 2018/2019 | E2: 2021/2022 | F2: 89.568 | G2: 96.024 | H2: 6.456 | I2: =IFERROR(INDEX(Baseline_Entry!$P:$P,MATCH($B2,Baseline_Entry!$B:$B,0)),"") -> 83 | J2: =IF(I2="","No","Yes") -> Yes | K2: =IF(IF(I2="",F2,I2)<70,"Low starter",IF(IF(I2="",F2,I2)<85,"Middle starter","High starter")) -> Middle starter | L2: 80-89 | M2: 90+ | N2: 1 | O2: =IFERROR(INDEX(University_Exit!$D:$D,MATCH($B2,University_Exit!$B:$B,0)),"") -> University of Liverpool | P2: =IFERROR(INDEX(University_Exit!$F:$F,MATCH($B2,University_Exit!$B:$B,0)),"") -> Electrical Engineering | Q2: =IFERROR(INDEX(University_Exit!$L:$L,MATCH($B2,University_Exit!$B:$B,0)),"") -> Yes | R2: =IF(O2="","No","Yes") -> Yes | S2: =IFERROR(INDEX(University_Exit!$H:$H,MATCH($B2,University_Exit!$B:$B,0)),"") -> 96.3 | T2: =IFERROR(INDEX(University_Exit!$K:$K,MATCH($B2,University_Exit!$B:$B,0)),"") -> 930 | U2: =IFERROR(INDEX(University_Exit!$G:$G,MATCH($B2,University_Exit!$B:$B,0)),"") -> Qatar Energy
A3: Class of 2022 | B3: 30463400105 | C3: سيف احمد محمد السليطى | D3: 2018/2019 | E3: 2021/2022 | F3: 92.748 | G3: 97.676 | H3: 4.928 | I3: =IFERROR(INDEX(Baseline_Entry!$P:$P,MATCH($B3,Baseline_Entry!$B:$B,0)),"") -> 94.4 | J3: =IF(I3="","No","Yes") -> Yes | K3: =IF(IF(I3="",F3,I3)<70,"Low starter",IF(IF(I3="",F3,I3)<85,"Middle starter","High starter")) -> High starter | L3: 90+ | M3: 90+ | N3: 0 | O3: =IFERROR(INDEX(University_Exit!$D:$D,MATCH($B3,University_Exit!$B:$B,0)),"") -> Qatar University | P3: =IFERROR(INDEX(University_Exit!$F:$F,MATCH($B3,University_Exit!$B:$B,0)),"") -> Computer Science | Q3: =IFERROR(INDEX(University_Exit!$L:$L,MATCH($B3,University_Exit!$B:$B,0)),"") -> Yes | R3: =IF(O3="","No","Yes") -> Yes | S3: =IFERROR(INDEX(University_Exit!$H:$H,MATCH($B3,University_Exit!$B:$B,0)),"") -> 98.2 | T3: =IFERROR(INDEX(University_Exit!$K:$K,MATCH($B3,University_Exit!$B:$B,0)),"") -> 1150 | U3: =IFERROR(INDEX(University_Exit!$G:$G,MATCH($B3,University_Exit!$B:$B,0)),"") -> خاص/ مجاني
A4: Class of 2022 | B4: 30463401069 | C4: سيف على ابراهيم المهندى | D4: 2018/2019 | E4: 2021/2022 | F4: 91.216 | G4: 99.44 | H4: 8.224 | I4: =IFERROR(INDEX(Baseline_Entry!$P:$P,MATCH($B4,Baseline_Entry!$B:$B,0)),"") -> 82 | J4: =IF(I4="","No","Yes") -> Yes | K4: =IF(IF(I4="",F4,I4)<70,"Low starter",IF(IF(I4="",F4,I4)<85,"Middle starter","High starter")) -> Middle starter | L4: 90+ | M4: 90+ | N4: 0 | O4: =IFERROR(INDEX(University_Exit!$D:$D,MATCH($B4,University_Exit!$B:$B,0)),"") -> University of Liverpool | P4: =IFERROR(INDEX(University_Exit!$F:$F,MATCH($B4,University_Exit!$B:$B,0)),"") -> Electric and Electronic Engineering | Q4: =IFERROR(INDEX(University_Exit!$L:$L,MATCH($B4,University_Exit!$B:$B,0)),"") -> Yes | R4: =IF(O4="","No","Yes") -> Yes | S4: =IFERROR(INDEX(University_Exit!$H:$H,MATCH($B4,University_Exit!$B:$B,0)),"") -> 98.8 | T4: =IFERROR(INDEX(University_Exit!$K:$K,MATCH($B4,University_Exit!$B:$B,0)),"") -> 1050 | U4: =IFERROR(INDEX(University_Exit!$G:$G,MATCH($B4,University_Exit!$B:$B,0)),"") -> Qatar Energy
A5: Class of 2022 | B5: 30463402074 | C5: عبدالرحمن عبدالعزيز اسماعيل الهاشمى | D5: 2018/2019 | E5: 2021/2022 | F5: 89.112 | G5: 94.852 | H5: 5.74 | I5: =IFERROR(INDEX(Baseline_Entry!$P:$P,MATCH($B5,Baseline_Entry!$B:$B,0)),"") -> 79.2 | J5: =IF(I5="","No","Yes") -> Yes | K5: =IF(IF(I5="",F5,I5)<70,"Low starter",IF(IF(I5="",F5,I5)<85,"Middle starter","High starter")) -> Middle starter | L5: 80-89 | M5: 90+ | N5: 1 | O5: =IFERROR(INDEX(University_Exit!$D:$D,MATCH($B5,University_Exit!$B:$B,0)),"") -> Texas A&M University Qatar | P5: =IFERROR(INDEX(University_Exit!$F:$F,MATCH($B5,University_Exit!$B:$B,0)),"") -> Mechanical Engineering | Q5: =IFERROR(INDEX(University_Exit!$L:$L,MATCH($B5,University_Exit!$B:$B,0)),"") -> Yes | R5: =IF(O5="","No","Yes") -> Yes | S5: =IFERROR(INDEX(University_Exit!$H:$H,MATCH($B5,University_Exit!$B:$B,0)),"") -> 94.4 | T5: =IFERROR(INDEX(University_Exit!$K:$K,MATCH($B5,University_Exit!$B:$B,0)),"") -> 1110 | U5: =IFERROR(INDEX(University_Exit!$G:$G,MATCH($B5,University_Exit!$B:$B,0)),"") -> Qatar Energy
A6: Class of 2022 | B6: 30463400747 | C6: عبدالرحمن عبدالله عزالدين المطوع | D6: 2018/2019 | E6: 2021/2022 | F6: 89.588 | G6: 96.376 | H6: 6.788 | I6: =IFERROR(INDEX(Baseline_Entry!$P:$P,MATCH($B6,Baseline_Entry!$B:$B,0)),"") -> 86.6 | J6: =IF(I6="","No","Yes") -> Yes | K6: =IF(IF(I6="",F6,I6)<70,"Low starter",IF(IF(I6="",F6,I6)<85,"Middle starter","High starter")) -> High starter | L6: 80-89 | M6: 90+ | N6: 1 | O6: =IFERROR(INDEX(University_Exit!$D:$D,MATCH($B6,University_Exit!$B:$B,0)),"") -> University of Liverpool | P6: =IFERROR(INDEX(University_Exit!$F:$F,MATCH($B6,University_Exit!$B:$B,0)),"") -> Mechanical Engineering | Q6: =IFERROR(INDEX(University_Exit!$L:$L,MATCH($B6,University_Exit!$B:$B,0)),"") -> Yes | R6: =IF(O6="","No","Yes") -> Yes | S6: =IFERROR(INDEX(University_Exit!$H:$H,MATCH($B6,University_Exit!$B:$B,0)),"") -> 96.9 | T6: =IFERROR(INDEX(University_Exit!$K:$K,MATCH($B6,University_Exit!$B:$B,0)),"") -> 1050 | U6: =IFERROR(INDEX(University_Exit!$G:$G,MATCH($B6,University_Exit!$B:$B,0)),"") -> Ministry of Education
A7: Class of 2022 | B7: 30463402384 | C7: عبدالرحمن محمد سعد السليطى | D7: 2018/2019 | E7: 2021/2022 | F7: 92.432 | G7: 95.252 | H7: 2.82 | I7: =IFERROR(INDEX(Baseline_Entry!$P:$P,MATCH($B7,Baseline_Entry!$B:$B,0)),"") -> 74.6 | J7: =IF(I7="","No","Yes") -> Yes | K7: =IF(IF(I7="",F7,I7)<70,"Low starter",IF(IF(I7="",F7,I7)<85,"Middle starter","High starter")) -> Middle starter | L7: 90+ | M7: 90+ | N7: 0 | O7: =IFERROR(INDEX(University_Exit!$D:$D,MATCH($B7,University_Exit!$B:$B,0)),"") -> Texas A&M University Qatar | P7: =IFERROR(INDEX(University_Exit!$F:$F,MATCH($B7,University_Exit!$B:$B,0)),"") -> Electric and Electronic Engineering | Q7: =IFERROR(INDEX(University_Exit!$L:$L,MATCH($B7,University_Exit!$B:$B,0)),"") -> Yes | R7: =IF(O7="","No","Yes") -> Yes | S7: =IFERROR(INDEX(University_Exit!$H:$H,MATCH($B7,University_Exit!$B:$B,0)),"") -> 94.9 | T7: =IFERROR(INDEX(University_Exit!$K:$K,MATCH($B7,University_Exit!$B:$B,0)),"") -> 1100 | U7: =IFERROR(INDEX(University_Exit!$G:$G,MATCH($B7,University_Exit!$B:$B,0)),"") -> Qatar Energy
A8: Class of 2022 | B8: 30363404443 | C8: عبدالعزيز صلاح على الانشائى | D8: 2018/2019 | E8: 2021/2022 | F8: 91.532 | G8: 96.452 | H8: 4.92 | I8: =IFERROR(INDEX(Baseline_Entry!$P:$P,MATCH($B8,Baseline_Entry!$B:$B,0)),"") -> 76.2 | J8: =IF(I8="","No","Yes") -> Yes | K8: =IF(IF(I8="",F8,I8)<70,"Low starter",IF(IF(I8="",F8,I8)<85,"Middle starter","High starter")) -> Middle starter | L8: 90+ | M8: 90+ | N8: 0 | O8: =IFERROR(INDEX(University_Exit!$D:$D,MATCH($B8,University_Exit!$B:$B,0)),"") -> Texas A&M University Qatar | P8: =IFERROR(INDEX(University_Exit!$F:$F,MATCH($B8,University_Exit!$B:$B,0)),"") -> Chemical engineering | Q8: =IFERROR(INDEX(University_Exit!$L:$L,MATCH($B8,University_Exit!$B:$B,0)),"") -> Yes | R8: =IF(O8="","No","Yes") -> Yes | S8: =IFERROR(INDEX(University_Exit!$H:$H,MATCH($B8,University_Exit!$B:$B,0)),"") -> 97.9 | T8: =IFERROR(INDEX(University_Exit!$K:$K,MATCH($B8,University_Exit!$B:$B,0)),"") -> 970 | U8: =IFERROR(INDEX(University_Exit!$G:$G,MATCH($B8,University_Exit!$B:$B,0)),"") -> Qatar Energy
A9: Class of 2022 | B9: 30463404428 | C9: عبدالعزيز على يوسف التميمى | D9: 2018/2019 | E9: 2021/2022 | F9: 86.488 | G9: 94.8 | H9: 8.312 | I9: =IFERROR(INDEX(Baseline_Entry!$P:$P,MATCH($B9,Baseline_Entry!$B:$B,0)),"") -> 84.8 | J9: =IF(I9="","No","Yes") -> Yes | K9: =IF(IF(I9="",F9,I9)<70,"Low starter",IF(IF(I9="",F9,I9)<85,"Middle starter","High starter")) -> Middle starter | L9: 80-89 | M9: 90+ | N9: 1 | O9: =IFERROR(INDEX(University_Exit!$D:$D,MATCH($B9,University_Exit!$B:$B,0)),"") -> University of Liverpool | P9: =IFERROR(INDEX(University_Exit!$F:$F,MATCH($B9,University_Exit!$B:$B,0)),"") -> Mechanical Engineering | Q9: =IFERROR(INDEX(University_Exit!$L:$L,MATCH($B9,University_Exit!$B:$B,0)),"") -> Yes | R9: =IF(O9="","No","Yes") -> Yes | S9: =IFERROR(INDEX(University_Exit!$H:$H,MATCH($B9,University_Exit!$B:$B,0)),"") -> 95.3 | T9: =IFERROR(INDEX(University_Exit!$K:$K,MATCH($B9,University_Exit!$B:$B,0)),"") -> 1090 | U9: =IFERROR(INDEX(University_Exit!$G:$G,MATCH($B9,University_Exit!$B:$B,0)),"") -> Shell
A10: Class of 2022 | B10: 30463400925 | C10: عبدالله خالد احمد النصر | D10: 2018/2019 | E10: 2021/2022 | F10: 95.884 | G10: 96.276 | H10: 0.392 | I10: =IFERROR(INDEX(Baseline_Entry!$P:$P,MATCH($B10,Baseline_Entry!$B:$B,0)),"") -> 89 | J10: =IF(I10="","No","Yes") -> Yes | K10: =IF(IF(I10="",F10,I10)<70,"Low starter",IF(IF(I10="",F10,I10)<85,"Middle starter","High starter")) -> High starter | L10: 90+ | M10: 90+ | N10: 0 | O10: =IFERROR(INDEX(University_Exit!$D:$D,MATCH($B10,University_Exit!$B:$B,0)),"") -> Swansea University | P10: =IFERROR(INDEX(University_Exit!$F:$F,MATCH($B10,University_Exit!$B:$B,0)),"") -> Electrical Engineering | Q10: =IFERROR(INDEX(University_Exit!$L:$L,MATCH($B10,University_Exit!$B:$B,0)),"") -> Yes | R10: =IF(O10="","No","Yes") -> Yes | S10: =IFERROR(INDEX(University_Exit!$H:$H,MATCH($B10,University_Exit!$B:$B,0)),"") -> 96.7 | T10: =IFERROR(INDEX(University_Exit!$K:$K,MATCH($B10,University_Exit!$B:$B,0)),"") -> 1050 | U10: =IFERROR(INDEX(University_Exit!$G:$G,MATCH($B10,University_Exit!$B:$B,0)),"") -> Qatar Energy
A11: Class of 2022 | B11: 30463404499 | C11: عبدالله على راشد النجدى | D11: 2018/2019 | E11: 2021/2022 | F11: 87.964 | G11: 92.8 | H11: 4.836 | I11: =IFERROR(INDEX(Baseline_Entry!$P:$P,MATCH($B11,Baseline_Entry!$B:$B,0)),"") -> 54 | J11: =IF(I11="","No","Yes") -> Yes | K11: =IF(IF(I11="",F11,I11)<70,"Low starter",IF(IF(I11="",F11,I11)<85,"Middle starter","High starter")) -> Low starter | L11: 80-89 | M11: 90+ | N11: 1 | O11: =IFERROR(INDEX(University_Exit!$D:$D,MATCH($B11,University_Exit!$B:$B,0)),"") -> Qatar University | P11: =IFERROR(INDEX(University_Exit!$F:$F,MATCH($B11,University_Exit!$B:$B,0)),"") -> Mechanical Engineering | Q11: =IFERROR(INDEX(University_Exit!$L:$L,MATCH($B11,University_Exit!$B:$B,0)),"") -> Yes | R11: =IF(O11="","No","Yes") -> Yes | S11: =IFERROR(INDEX(University_Exit!$H:$H,MATCH($B11,University_Exit!$B:$B,0)),"") -> 92.8 | T11: =IFERROR(INDEX(University_Exit!$K:$K,MATCH($B11,University_Exit!$B:$B,0)),"") -> 1030 | U11: =IFERROR(INDEX(University_Exit!$G:$G,MATCH($B11,University_Exit!$B:$B,0)),"") -> Ministry of Education
A12: Class of 2022 | B12: 30463404313 | C12: غانم عبدالله سالم المرى | D12: 2018/2019 | E12: 2021/2022 | F12: 86.468 | G12: 91.676 | H12: 5.208 | I12: =IFERROR(INDEX(Baseline_Entry!$P:$P,MATCH($B12,Baseline_Entry!$B:$B,0)),"") -> 76 | J12: =IF(I12="","No","Yes") -> Yes | K12: =IF(IF(I12="",F12,I12)<70,"Low starter",IF(IF(I12="",F12,I12)<85,"Middle starter","High starter")) -> Middle starter | L12: 80-89 | M12: 90+ | N12: 1 | O12: =IFERROR(INDEX(University_Exit!$D:$D,MATCH($B12,University_Exit!$B:$B,0)),"") -> Texas A&M University Qatar | P12: =IFERROR(INDEX(University_Exit!$F:$F,MATCH($B12,University_Exit!$B:$B,0)),"") -> Petroleum Engineering | Q12: =IFERROR(INDEX(University_Exit!$L:$L,MATCH($B12,University_Exit!$B:$B,0)),"") -> Yes | R12: =IF(O12="","No","Yes") -> Yes | S12: =IFERROR(INDEX(University_Exit!$H:$H,MATCH($B12,University_Exit!$B:$B,0)),"") -> 91.1 | T12: =IFERROR(INDEX(University_Exit!$K:$K,MATCH($B12,University_Exit!$B:$B,0)),"") -> 1060 | U12: =IFERROR(INDEX(University_Exit!$G:$G,MATCH($B12,University_Exit!$B:$B,0)),"") -> Qatar Energy
A13: Class of 2022 | B13: 30463401470 | C13: ماجد عبدالله ماجد السويدى | D13: 2018/2019 | E13: 2021/2022 | F13: 86.276 | G13: 95.124 | H13: 8.848 | I13: =IFERROR(INDEX(Baseline_Entry!$P:$P,MATCH($B13,Baseline_Entry!$B:$B,0)),"") -> 77.8 | J13: =IF(I13="","No","Yes") -> Yes | K13: =IF(IF(I13="",F13,I13)<70,"Low starter",IF(IF(I13="",F13,I13)<85,"Middle starter","High starter")) -> Middle starter | L13: 80-89 | M13: 90+ | N13: 1 | O13: =IFERROR(INDEX(University_Exit!$D:$D,MATCH($B13,University_Exit!$B:$B,0)),"") -> Texas A&M University Qatar | P13: =IFERROR(INDEX(University_Exit!$F:$F,MATCH($B13,University_Exit!$B:$B,0)),"") -> Mechanical engineering | Q13: =IFERROR(INDEX(University_Exit!$L:$L,MATCH($B13,University_Exit!$B:$B,0)),"") -> Yes | R13: =IF(O13="","No","Yes") -> Yes | S13: =IFERROR(INDEX(University_Exit!$H:$H,MATCH($B13,University_Exit!$B:$B,0)),"") -> 95.8 | T13: =IFERROR(INDEX(University_Exit!$K:$K,MATCH($B13,University_Exit!$B:$B,0)),"") -> 1070 | U13: =IFERROR(INDEX(University_Exit!$G:$G,MATCH($B13,University_Exit!$B:$B,0)),"") -> Qatar Energy
... A232: Class of 2025 | B232: 30763400655 | C232: هزاع عطاالله محمد أبوشريدة | D232: 2021/2022 | E232: 2024/2025 | F232: 82.556 | G232: 92.976 | H232: 10.42 | I232: =IFERROR(INDEX(Baseline_Entry!$P:$P,MATCH($B232,Baseline_Entry!$B:$B,0)),"") -> 59.543662 | J232: =IF(I232="","No","Yes") -> Yes | K232: =IF(IF(I232="",F232,I232)<70,"Low starter",IF(IF(I232="",F232,I232)<85,"Middle starter","High starter")) -> Low starter | L232: 80-89 | M232: 90+ | N232: 1 | O232: =IFERROR(INDEX(University_Exit!$D:$D,MATCH($B232,University_Exit!$B:$B,0)),"") -> Royal College of Surgeons in Ireland | P232: =IFERROR(INDEX(University_Exit!$F:$F,MATCH($B232,University_Exit!$B:$B,0)),"") -> General Medicine | Q232: =IFERROR(INDEX(University_Exit!$L:$L,MATCH($B232,University_Exit!$B:$B,0)),"") -> Yes | R232: =IF(O232="","No","Yes") -> Yes | S232: =IFERROR(INDEX(University_Exit!$H:$H,MATCH($B232,University_Exit!$B:$B,0)),"") -> 94.69 | T232: =IFERROR(INDEX(University_Exit!$K:$K,MATCH($B232,University_Exit!$B:$B,0)),"") -> 1270 | U232: =IFERROR(INDEX(University_Exit!$G:$G,MATCH($B232,University_Exit!$B:$B,0)),"") -> 0

Sheet Baseline_Entry
A1: Cohort | B1: QID | C1: Student_Name | D1: Prior_School | E1: Curriculum | F1: English_Prior | G1: Science_Prior | H1: Math_Prior | I1: APTIS_Band | J1: APTIS_Score | K1: APTIS_% | L1: Math_Screening_Entry | M1: Math_% | N1: Baseline_CAT4_Overall | O1: CAT4_% | P1: Baseline_Composite | Q1: Profile | R1: Baseline_Verbal_SAS | S1: Baseline_Quantitative_SAS | T1: Baseline_Nonverbal_SAS | U1: Baseline_Spatial_SAS | V1: Assigned_Class | W1: Baseline_Source
A2: Class of 2022 | B2: 30463404774 | C2: حسن اسماعيل على العمادى | D2: =IFERROR(INDEX(Admissions_2024_2025!D:D,MATCH($B2,Admissions_2024_2025!$B:$B,0)),"") -> 0 | E2: =IFERROR(INDEX(Admissions_2024_2025!E:E,MATCH($B2,Admissions_2024_2025!$B:$B,0)),"") -> 0 | F2: =IFERROR(INDEX(Admissions_2024_2025!F:F,MATCH($B2,Admissions_2024_2025!$B:$B,0)),"") -> 46 | G2: =IFERROR(INDEX(Admissions_2024_2025!G:G,MATCH($B2,Admissions_2024_2025!$B:$B,0)),"") -> 68 | H2: =IFERROR(INDEX(Admissions_2024_2025!H:H,MATCH($B2,Admissions_2024_2025!$B:$B,0)),"") -> 80 | I2: =IFERROR(INDEX(Admissions_2024_2025!I:I,MATCH($B2,Admissions_2024_2025!$B:$B,0)),"") -> 0 | J2: =IFERROR(INDEX(Admissions_2024_2025!J:J,MATCH($B2,Admissions_2024_2025!$B:$B,0)),"") -> 115 | K2: =IF(J2="","",J2/250*100) -> 46 | L2: =IFERROR(INDEX(Admissions_2024_2025!L:L,MATCH($B2,Admissions_2024_2025!$B:$B,0)),"") -> 60 | M2: =IF(L2="","",L2/50*100) -> 120 | N2: =IF(COUNT(R2:U2)=0,"",ROUND(AVERAGE(R2:U2),0)) | O2: =IF(N2="","",N2/142*100) | P2: =IF(COUNT(K2,M2,O2)=0,"",AVERAGE(K2,M2,O2)) -> 83 | Q2: =IFERROR(INDEX(Admissions_2024_2025!Q:Q,MATCH($B2,Admissions_2024_2025!$B:$B,0)),"") | R2: =IFERROR(INDEX(Admissions_2024_2025!R:R,MATCH($B2,Admissions_2024_2025!$B:$B,0)),"") | S2: =IFERROR(INDEX(Admissions_2024_2025!S:S,MATCH($B2,Admissions_2024_2025!$B:$B,0)),"") | T2: =IFERROR(INDEX(Admissions_2024_2025!T:T,MATCH($B2,Admissions_2024_2025!$B:$B,0)),"") | U2: =IFERROR(INDEX(Admissions_2024_2025!U:U,MATCH($B2,Admissions_2024_2025!$B:$B,0)),"") | W2: =IFERROR(INDEX(Admissions_2024_2025!W:W,MATCH($B2,Admissions_2024_2025!$B:$B,0)),"") -> 2022 admissions (name-matched to QID); outcomes
A3: Class of 2022 | B3: 30463400105 | C3: سيف احمد محمد السليطى | D3: =IFERROR(INDEX(Admissions_2024_2025!D:D,MATCH($B3,Admissions_2024_2025!$B:$B,0)),"") -> 0 | E3: =IFERROR(INDEX(Admissions_2024_2025!E:E,MATCH($B3,Admissions_2024_2025!$B:$B,0)),"") -> 0 | F3: =IFERROR(INDEX(Admissions_2024_2025!F:F,MATCH($B3,Admissions_2024_2025!$B:$B,0)),"") -> 70.8 | G3: =IFERROR(INDEX(Admissions_2024_2025!G:G,MATCH($B3,Admissions_2024_2025!$B:$B,0)),"") -> 88 | H3: =IFERROR(INDEX(Admissions_2024_2025!H:H,MATCH($B3,Admissions_2024_2025!$B:$B,0)),"") -> 78.666667 | I3: =IFERROR(INDEX(Admissions_2024_2025!I:I,MATCH($B3,Admissions_2024_2025!$B:$B,0)),"") -> 0 | J3: =IFERROR(INDEX(Admissions_2024_2025!J:J,MATCH($B3,Admissions_2024_2025!$B:$B,0)),"") -> 177 | K3: =IF(J3="","",J3/250*100) -> 70.8 | L3: =IFERROR(INDEX(Admissions_2024_2025!L:L,MATCH($B3,Admissions_2024_2025!$B:$B,0)),"") -> 59 | M3: =IF(L3="","",L3/50*100) -> 118 | N3: =IF(COUNT(R3:U3)=0,"",ROUND(AVERAGE(R3:U3),0)) | O3: =IF(N3="","",N3/142*100) | P3: =IF(COUNT(K3,M3,O3)=0,"",AVERAGE(K3,M3,O3)) -> 94.4 | Q3: =IFERROR(INDEX(Admissions_2024_2025!Q:Q,MATCH($B3,Admissions_2024_2025!$B:$B,0)),"") | R3: =IFERROR(INDEX(Admissions_2024_2025!R:R,MATCH($B3,Admissions_2024_2025!$B:$B,0)),"") | S3: =IFERROR(INDEX(Admissions_2024_2025!S:S,MATCH($B3,Admissions_2024_2025!$B:$B,0)),"") | T3: =IFERROR(INDEX(Admissions_2024_2025!T:T,MATCH($B3,Admissions_2024_2025!$B:$B,0)),"") | U3: =IFERROR(INDEX(Admissions_2024_2025!U:U,MATCH($B3,Admissions_2024_2025!$B:$B,0)),"") | W3: =IFERROR(INDEX(Admissions_2024_2025!W:W,MATCH($B3,Admissions_2024_2025!$B:$B,0)),"") -> 2022 admissions (name-matched to QID); outcomes
A4: Class of 2022 | B4: 30463401069 | C4: سيف على ابراهيم المهندى | D4: =IFERROR(INDEX(Admissions_2024_2025!D:D,MATCH($B4,Admissions_2024_2025!$B:$B,0)),"") -> 0 | E4: =IFERROR(INDEX(Admissions_2024_2025!E:E,MATCH($B4,Admissions_2024_2025!$B:$B,0)),"") -> 0 | F4: =IFERROR(INDEX(Admissions_2024_2025!F:F,MATCH($B4,Admissions_2024_2025!$B:$B,0)),"") -> 56 | G4: =IFERROR(INDEX(Admissions_2024_2025!G:G,MATCH($B4,Admissions_2024_2025!$B:$B,0)),"") -> 72 | H4: =IFERROR(INDEX(Admissions_2024_2025!H:H,MATCH($B4,Admissions_2024_2025!$B:$B,0)),"") -> 72 | I4: =IFERROR(INDEX(Admissions_2024_2025!I:I,MATCH($B4,Admissions_2024_2025!$B:$B,0)),"") -> 0 | J4: =IFERROR(INDEX(Admissions_2024_2025!J:J,MATCH($B4,Admissions_2024_2025!$B:$B,0)),"") -> 140 | K4: =IF(J4="","",J4/250*100) -> 56 | L4: =IFERROR(INDEX(Admissions_2024_2025!L:L,MATCH($B4,Admissions_2024_2025!$B:$B,0)),"") -> 54 | M4: =IF(L4="","",L4/50*100) -> 108 | N4: =IF(COUNT(R4:U4)=0,"",ROUND(AVERAGE(R4:U4),0)) | O4: =IF(N4="","",N4/142*100) | P4: =IF(COUNT(K4,M4,O4)=0,"",AVERAGE(K4,M4,O4)) -> 82 | Q4: =IFERROR(INDEX(Admissions_2024_2025!Q:Q,MATCH($B4,Admissions_2024_2025!$B:$B,0)),"") | R4: =IFERROR(INDEX(Admissions_2024_2025!R:R,MATCH($B4,Admissions_2024_2025!$B:$B,0)),"") | S4: =IFERROR(INDEX(Admissions_2024_2025!S:S,MATCH($B4,Admissions_2024_2025!$B:$B,0)),"") | T4: =IFERROR(INDEX(Admissions_2024_2025!T:T,MATCH($B4,Admissions_2024_2025!$B:$B,0)),"") | U4: =IFERROR(INDEX(Admissions_2024_2025!U:U,MATCH($B4,Admissions_2024_2025!$B:$B,0)),"") | W4: =IFERROR(INDEX(Admissions_2024_2025!W:W,MATCH($B4,Admissions_2024_2025!$B:$B,0)),"") -> 2022 admissions (name-matched to QID); outcomes
A5: Class of 2022 | B5: 30463402074 | C5: عبدالرحمن عبدالعزيز اسماعيل الهاشمى | D5: =IFERROR(INDEX(Admissions_2024_2025!D:D,MATCH($B5,Admissions_2024_2025!$B:$B,0)),"") -> 0 | E5: =IFERROR(INDEX(Admissions_2024_2025!E:E,MATCH($B5,Admissions_2024_2025!$B:$B,0)),"") -> 0 | F5: =IFERROR(INDEX(Admissions_2024_2025!F:F,MATCH($B5,Admissions_2024_2025!$B:$B,0)),"") -> 54.4 | G5: =IFERROR(INDEX(Admissions_2024_2025!G:G,MATCH($B5,Admissions_2024_2025!$B:$B,0)),"") -> 84 | H5: =IFERROR(INDEX(Admissions_2024_2025!H:H,MATCH($B5,Admissions_2024_2025!$B:$B,0)),"") -> 69.333333 | I5: =IFERROR(INDEX(Admissions_2024_2025!I:I,MATCH($B5,Admissions_2024_2025!$B:$B,0)),"") -> 0 | J5: =IFERROR(INDEX(Admissions_2024_2025!J:J,MATCH($B5,Admissions_2024_2025!$B:$B,0)),"") -> 136 | K5: =IF(J5="","",J5/250*100) -> 54.4 | L5: =IFERROR(INDEX(Admissions_2024_2025!L:L,MATCH($B5,Admissions_2024_2025!$B:$B,0)),"") -> 52 | M5: =IF(L5="","",L5/50*100) -> 104 | N5: =IF(COUNT(R5:U5)=0,"",ROUND(AVERAGE(R5:U5),0)) | O5: =IF(N5="","",N5/142*100) | P5: =IF(COUNT(K5,M5,O5)=0,"",AVERAGE(K5,M5,O5)) -> 79.2 | Q5: =IFERROR(INDEX(Admissions_2024_2025!Q:Q,MATCH($B5,Admissions_2024_2025!$B:$B,0)),"") | R5: =IFERROR(INDEX(Admissions_2024_2025!R:R,MATCH($B5,Admissions_2024_2025!$B:$B,0)),"") | S5: =IFERROR(INDEX(Admissions_2024_2025!S:S,MATCH($B5,Admissions_2024_2025!$B:$B,0)),"") | T5: =IFERROR(INDEX(Admissions_2024_2025!T:T,MATCH($B5,Admissions_2024_2025!$B:$B,0)),"") | U5: =IFERROR(INDEX(Admissions_2024_2025!U:U,MATCH($B5,Admissions_2024_2025!$B:$B,0)),"") | W5: =IFERROR(INDEX(Admissions_2024_2025!W:W,MATCH($B5,Admissions_2024_2025!$B:$B,0)),"") -> 2022 admissions (name-matched to QID); outcomes
A6: Class of 2022 | B6: 30463400747 | C6: عبدالرحمن عبدالله عزالدين المطوع | D6: =IFERROR(INDEX(Admissions_2024_2025!D:D,MATCH($B6,Admissions_2024_2025!$B:$B,0)),"") -> 0 | E6: =IFERROR(INDEX(Admissions_2024_2025!E:E,MATCH($B6,Admissions_2024_2025!$B:$B,0)),"") -> 0 | F6: =IFERROR(INDEX(Admissions_2024_2025!F:F,MATCH($B6,Admissions_2024_2025!$B:$B,0)),"") -> 59.2 | G6: =IFERROR(INDEX(Admissions_2024_2025!G:G,MATCH($B6,Admissions_2024_2025!$B:$B,0)),"") -> 80 | H6: =IFERROR(INDEX(Admissions_2024_2025!H:H,MATCH($B6,Admissions_2024_2025!$B:$B,0)),"") -> 76 | I6: =IFERROR(INDEX(Admissions_2024_2025!I:I,MATCH($B6,Admissions_2024_2025!$B:$B,0)),"") -> 0 | J6: =IFERROR(INDEX(Admissions_2024_2025!J:J,MATCH($B6,Admissions_2024_2025!$B:$B,0)),"") -> 148 | K6: =IF(J6="","",J6/250*100) -> 59.2 | L6: =IFERROR(INDEX(Admissions_2024_2025!L:L,MATCH($B6,Admissions_2024_2025!$B:$B,0)),"") -> 57 | M6: =IF(L6="","",L6/50*100) -> 114 | N6: =IF(COUNT(R6:U6)=0,"",ROUND(AVERAGE(R6:U6),0)) | O6: =IF(N6="","",N6/142*100) | P6: =IF(COUNT(K6,M6,O6)=0,"",AVERAGE(K6,M6,O6)) -> 86.6 | Q6: =IFERROR(INDEX(Admissions_2024_2025!Q:Q,MATCH($B6,Admissions_2024_2025!$B:$B,0)),"") | R6: =IFERROR(INDEX(Admissions_2024_2025!R:R,MATCH($B6,Admissions_2024_2025!$B:$B,0)),"") | S6: =IFERROR(INDEX(Admissions_2024_2025!S:S,MATCH($B6,Admissions_2024_2025!$B:$B,0)),"") | T6: =IFERROR(INDEX(Admissions_2024_2025!T:T,MATCH($B6,Admissions_2024_2025!$B:$B,0)),"") | U6: =IFERROR(INDEX(Admissions_2024_2025!U:U,MATCH($B6,Admissions_2024_2025!$B:$B,0)),"") | W6: =IFERROR(INDEX(Admissions_2024_2025!W:W,MATCH($B6,Admissions_2024_2025!$B:$B,0)),"") -> 2022 admissions (name-matched to QID); outcomes
A7: Class of 2022 | B7: 30463402384 | C7: عبدالرحمن محمد سعد السليطى | D7: =IFERROR(INDEX(Admissions_2024_2025!D:D,MATCH($B7,Admissions_2024_2025!$B:$B,0)),"") -> 0 | E7: =IFERROR(INDEX(Admissions_2024_2025!E:E,MATCH($B7,Admissions_2024_2025!$B:$B,0)),"") -> 0 | F7: =IFERROR(INDEX(Admissions_2024_2025!F:F,MATCH($B7,Admissions_2024_2025!$B:$B,0)),"") -> 67.2 | G7: =IFERROR(INDEX(Admissions_2024_2025!G:G,MATCH($B7,Admissions_2024_2025!$B:$B,0)),"") -> 96 | H7: =IFERROR(INDEX(Admissions_2024_2025!H:H,MATCH($B7,Admissions_2024_2025!$B:$B,0)),"") -> 54.666667 | I7: =IFERROR(INDEX(Admissions_2024_2025!I:I,MATCH($B7,Admissions_2024_2025!$B:$B,0)),"") -> 0 | J7: =IFERROR(INDEX(Admissions_2024_2025!J:J,MATCH($B7,Admissions_2024_2025!$B:$B,0)),"") -> 168 | K7: =IF(J7="","",J7/250*100) -> 67.2 | L7: =IFERROR(INDEX(Admissions_2024_2025!L:L,MATCH($B7,Admissions_2024_2025!$B:$B,0)),"") -> 41 | M7: =IF(L7="","",L7/50*100) -> 82 | N7: =IF(COUNT(R7:U7)=0,"",ROUND(AVERAGE(R7:U7),0)) | O7: =IF(N7="","",N7/142*100) | P7: =IF(COUNT(K7,M7,O7)=0,"",AVERAGE(K7,M7,O7)) -> 74.6 | Q7: =IFERROR(INDEX(Admissions_2024_2025!Q:Q,MATCH($B7,Admissions_2024_2025!$B:$B,0)),"") | R7: =IFERROR(INDEX(Admissions_2024_2025!R:R,MATCH($B7,Admissions_2024_2025!$B:$B,0)),"") | S7: =IFERROR(INDEX(Admissions_2024_2025!S:S,MATCH($B7,Admissions_2024_2025!$B:$B,0)),"") | T7: =IFERROR(INDEX(Admissions_2024_2025!T:T,MATCH($B7,Admissions_2024_2025!$B:$B,0)),"") | U7: =IFERROR(INDEX(Admissions_2024_2025!U:U,MATCH($B7,Admissions_2024_2025!$B:$B,0)),"") | W7: =IFERROR(INDEX(Admissions_2024_2025!W:W,MATCH($B7,Admissions_2024_2025!$B:$B,0)),"") -> 2022 admissions (name-matched to QID); outcomes
A8: Class of 2022 | B8: 30363404443 | C8: عبدالعزيز صلاح على الانشائى | D8: =IFERROR(INDEX(Admissions_2024_2025!D:D,MATCH($B8,Admissions_2024_2025!$B:$B,0)),"") -> 0 | E8: =IFERROR(INDEX(Admissions_2024_2025!E:E,MATCH($B8,Admissions_2024_2025!$B:$B,0)),"") -> 0 | F8: =IFERROR(INDEX(Admissions_2024_2025!F:F,MATCH($B8,Admissions_2024_2025!$B:$B,0)),"") -> 58.4 | G8: =IFERROR(INDEX(Admissions_2024_2025!G:G,MATCH($B8,Admissions_2024_2025!$B:$B,0)),"") -> 88 | H8: =IFERROR(INDEX(Admissions_2024_2025!H:H,MATCH($B8,Admissions_2024_2025!$B:$B,0)),"") -> 62.666667 | I8: =IFERROR(INDEX(Admissions_2024_2025!I:I,MATCH($B8,Admissions_2024_2025!$B:$B,0)),"") -> 0 | J8: =IFERROR(INDEX(Admissions_2024_2025!J:J,MATCH($B8,Admissions_2024_2025!$B:$B,0)),"") -> 146 | K8: =IF(J8="","",J8/250*100) -> 58.4 | L8: =IFERROR(INDEX(Admissions_2024_2025!L:L,MATCH($B8,Admissions_2024_2025!$B:$B,0)),"") -> 47 | M8: =IF(L8="","",L8/50*100) -> 94 | N8: =IF(COUNT(R8:U8)=0,"",ROUND(AVERAGE(R8:U8),0)) | O8: =IF(N8="","",N8/142*100) | P8: =IF(COUNT(K8,M8,O8)=0,"",AVERAGE(K8,M8,O8)) -> 76.2 | Q8: =IFERROR(INDEX(Admissions_2024_2025!Q:Q,MATCH($B8,Admissions_2024_2025!$B:$B,0)),"") | R8: =IFERROR(INDEX(Admissions_2024_2025!R:R,MATCH($B8,Admissions_2024_2025!$B:$B,0)),"") | S8: =IFERROR(INDEX(Admissions_2024_2025!S:S,MATCH($B8,Admissions_2024_2025!$B:$B,0)),"") | T8: =IFERROR(INDEX(Admissions_2024_2025!T:T,MATCH($B8,Admissions_2024_2025!$B:$B,0)),"") | U8: =IFERROR(INDEX(Admissions_2024_2025!U:U,MATCH($B8,Admissions_2024_2025!$B:$B,0)),"") | W8: =IFERROR(INDEX(Admissions_2024_2025!W:W,MATCH($B8,Admissions_2024_2025!$B:$B,0)),"") -> 2022 admissions (name-matched to QID); outcomes
A9: Class of 2022 | B9: 30463404428 | C9: عبدالعزيز على يوسف التميمى | D9: =IFERROR(INDEX(Admissions_2024_2025!D:D,MATCH($B9,Admissions_2024_2025!$B:$B,0)),"") -> 0 | E9: =IFERROR(INDEX(Admissions_2024_2025!E:E,MATCH($B9,Admissions_2024_2025!$B:$B,0)),"") -> 0 | F9: =IFERROR(INDEX(Admissions_2024_2025!F:F,MATCH($B9,Admissions_2024_2025!$B:$B,0)),"") -> 57.6 | G9: =IFERROR(INDEX(Admissions_2024_2025!G:G,MATCH($B9,Admissions_2024_2025!$B:$B,0)),"") -> 88 | H9: =IFERROR(INDEX(Admissions_2024_2025!H:H,MATCH($B9,Admissions_2024_2025!$B:$B,0)),"") -> 74.666667 | I9: =IFERROR(INDEX(Admissions_2024_2025!I:I,MATCH($B9,Admissions_2024_2025!$B:$B,0)),"") -> 0 | J9: =IFERROR(INDEX(Admissions_2024_2025!J:J,MATCH($B9,Admissions_2024_2025!$B:$B,0)),"") -> 144 | K9: =IF(J9="","",J9/250*100) -> 57.6 | L9: =IFERROR(INDEX(Admissions_2024_2025!L:L,MATCH($B9,Admissions_2024_2025!$B:$B,0)),"") -> 56 | M9: =IF(L9="","",L9/50*100) -> 112 | N9: =IF(COUNT(R9:U9)=0,"",ROUND(AVERAGE(R9:U9),0)) | O9: =IF(N9="","",N9/142*100) | P9: =IF(COUNT(K9,M9,O9)=0,"",AVERAGE(K9,M9,O9)) -> 84.8 | Q9: =IFERROR(INDEX(Admissions_2024_2025!Q:Q,MATCH($B9,Admissions_2024_2025!$B:$B,0)),"") | R9: =IFERROR(INDEX(Admissions_2024_2025!R:R,MATCH($B9,Admissions_2024_2025!$B:$B,0)),"") | S9: =IFERROR(INDEX(Admissions_2024_2025!S:S,MATCH($B9,Admissions_2024_2025!$B:$B,0)),"") | T9: =IFERROR(INDEX(Admissions_2024_2025!T:T,MATCH($B9,Admissions_2024_2025!$B:$B,0)),"") | U9: =IFERROR(INDEX(Admissions_2024_2025!U:U,MATCH($B9,Admissions_2024_2025!$B:$B,0)),"") | W9: =IFERROR(INDEX(Admissions_2024_2025!W:W,MATCH($B9,Admissions_2024_2025!$B:$B,0)),"") -> 2022 admissions (name-matched to QID); outcomes
A10: Class of 2022 | B10: 30463400925 | C10: عبدالله خالد احمد النصر | D10: =IFERROR(INDEX(Admissions_2024_2025!D:D,MATCH($B10,Admissions_2024_2025!$B:$B,0)),"") -> 0 | E10: =IFERROR(INDEX(Admissions_2024_2025!E:E,MATCH($B10,Admissions_2024_2025!$B:$B,0)),"") -> 0 | F10: =IFERROR(INDEX(Admissions_2024_2025!F:F,MATCH($B10,Admissions_2024_2025!$B:$B,0)),"") -> 66 | G10: =IFERROR(INDEX(Admissions_2024_2025!G:G,MATCH($B10,Admissions_2024_2025!$B:$B,0)),"") -> 96 | H10: =IFERROR(INDEX(Admissions_2024_2025!H:H,MATCH($B10,Admissions_2024_2025!$B:$B,0)),"") -> 74.666667 | I10: =IFERROR(INDEX(Admissions_2024_2025!I:I,MATCH($B10,Admissions_2024_2025!$B:$B,0)),"") -> 0 | J10: =IFERROR(INDEX(Admissions_2024_2025!J:J,MATCH($B10,Admissions_2024_2025!$B:$B,0)),"") -> 165 | K10: =IF(J10="","",J10/250*100) -> 66 | L10: =IFERROR(INDEX(Admissions_2024_2025!L:L,MATCH($B10,Admissions_2024_2025!$B:$B,0)),"") -> 56 | M10: =IF(L10="","",L10/50*100) -> 112 | N10: =IF(COUNT(R10:U10)=0,"",ROUND(AVERAGE(R10:U10),0)) | O10: =IF(N10="","",N10/142*100) | P10: =IF(COUNT(K10,M10,O10)=0,"",AVERAGE(K10,M10,O10)) -> 89 | Q10: =IFERROR(INDEX(Admissions_2024_2025!Q:Q,MATCH($B10,Admissions_2024_2025!$B:$B,0)),"") | R10: =IFERROR(INDEX(Admissions_2024_2025!R:R,MATCH($B10,Admissions_2024_2025!$B:$B,0)),"") | S10: =IFERROR(INDEX(Admissions_2024_2025!S:S,MATCH($B10,Admissions_2024_2025!$B:$B,0)),"") | T10: =IFERROR(INDEX(Admissions_2024_2025!T:T,MATCH($B10,Admissions_2024_2025!$B:$B,0)),"") | U10: =IFERROR(INDEX(Admissions_2024_2025!U:U,MATCH($B10,Admissions_2024_2025!$B:$B,0)),"") | W10: =IFERROR(INDEX(Admissions_2024_2025!W:W,MATCH($B10,Admissions_2024_2025!$B:$B,0)),"") -> 2022 admissions (name-matched to QID); outcomes
A11: Class of 2022 | B11: 30463404499 | C11: عبدالله على راشد النجدى | D11: =IFERROR(INDEX(Admissions_2024_2025!D:D,MATCH($B11,Admissions_2024_2025!$B:$B,0)),"") -> 0 | E11: =IFERROR(INDEX(Admissions_2024_2025!E:E,MATCH($B11,Admissions_2024_2025!$B:$B,0)),"") -> 0 | F11: =IFERROR(INDEX(Admissions_2024_2025!F:F,MATCH($B11,Admissions_2024_2025!$B:$B,0)),"") -> 0 | G11: =IFERROR(INDEX(Admissions_2024_2025!G:G,MATCH($B11,Admissions_2024_2025!$B:$B,0)),"") -> 96 | H11: =IFERROR(INDEX(Admissions_2024_2025!H:H,MATCH($B11,Admissions_2024_2025!$B:$B,0)),"") -> 72 | I11: =IFERROR(INDEX(Admissions_2024_2025!I:I,MATCH($B11,Admissions_2024_2025!$B:$B,0)),"") -> 0 | J11: =IFERROR(INDEX(Admissions_2024_2025!J:J,MATCH($B11,Admissions_2024_2025!$B:$B,0)),"") -> 0 | K11: =IF(J11="","",J11/250*100) -> 0 | L11: =IFERROR(INDEX(Admissions_2024_2025!L:L,MATCH($B11,Admissions_2024_2025!$B:$B,0)),"") -> 54 | M11: =IF(L11="","",L11/50*100) -> 108 | N11: =IF(COUNT(R11:U11)=0,"",ROUND(AVERAGE(R11:U11),0)) | O11: =IF(N11="","",N11/142*100) | P11: =IF(COUNT(K11,M11,O11)=0,"",AVERAGE(K11,M11,O11)) -> 54 | Q11: =IFERROR(INDEX(Admissions_2024_2025!Q:Q,MATCH($B11,Admissions_2024_2025!$B:$B,0)),"") | R11: =IFERROR(INDEX(Admissions_2024_2025!R:R,MATCH($B11,Admissions_2024_2025!$B:$B,0)),"") | S11: =IFERROR(INDEX(Admissions_2024_2025!S:S,MATCH($B11,Admissions_2024_2025!$B:$B,0)),"") | T11: =IFERROR(INDEX(Admissions_2024_2025!T:T,MATCH($B11,Admissions_2024_2025!$B:$B,0)),"") | U11: =IFERROR(INDEX(Admissions_2024_2025!U:U,MATCH($B11,Admissions_2024_2025!$B:$B,0)),"") | W11: =IFERROR(INDEX(Admissions_2024_2025!W:W,MATCH($B11,Admissions_2024_2025!$B:$B,0)),"") -> 2022 admissions (name-matched to QID); outcomes
A12: Class of 2022 | B12: 30463404313 | C12: غانم عبدالله سالم المرى | D12: =IFERROR(INDEX(Admissions_2024_2025!D:D,MATCH($B12,Admissions_2024_2025!$B:$B,0)),"") -> 0 | E12: =IFERROR(INDEX(Admissions_2024_2025!E:E,MATCH($B12,Admissions_2024_2025!$B:$B,0)),"") -> 0 | F12: =IFERROR(INDEX(Admissions_2024_2025!F:F,MATCH($B12,Admissions_2024_2025!$B:$B,0)),"") -> 62 | G12: =IFERROR(INDEX(Admissions_2024_2025!G:G,MATCH($B12,Admissions_2024_2025!$B:$B,0)),"") -> 92 | H12: =IFERROR(INDEX(Admissions_2024_2025!H:H,MATCH($B12,Admissions_2024_2025!$B:$B,0)),"") -> 60 | I12: =IFERROR(INDEX(Admissions_2024_2025!I:I,MATCH($B12,Admissions_2024_2025!$B:$B,0)),"") -> 0 | J12: =IFERROR(INDEX(Admissions_2024_2025!J:J,MATCH($B12,Admissions_2024_2025!$B:$B,0)),"") -> 155 | K12: =IF(J12="","",J12/250*100) -> 62 | L12: =IFERROR(INDEX(Admissions_2024_2025!L:L,MATCH($B12,Admissions_2024_2025!$B:$B,0)),"") -> 45 | M12: =IF(L12="","",L12/50*100) -> 90 | N12: =IF(COUNT(R12:U12)=0,"",ROUND(AVERAGE(R12:U12),0)) | O12: =IF(N12="","",N12/142*100) | P12: =IF(COUNT(K12,M12,O12)=0,"",AVERAGE(K12,M12,O12)) -> 76 | Q12: =IFERROR(INDEX(Admissions_2024_2025!Q:Q,MATCH($B12,Admissions_2024_2025!$B:$B,0)),"") | R12: =IFERROR(INDEX(Admissions_2024_2025!R:R,MATCH($B12,Admissions_2024_2025!$B:$B,0)),"") | S12: =IFERROR(INDEX(Admissions_2024_2025!S:S,MATCH($B12,Admissions_2024_2025!$B:$B,0)),"") | T12: =IFERROR(INDEX(Admissions_2024_2025!T:T,MATCH($B12,Admissions_2024_2025!$B:$B,0)),"") | U12: =IFERROR(INDEX(Admissions_2024_2025!U:U,MATCH($B12,Admissions_2024_2025!$B:$B,0)),"") | W12: =IFERROR(INDEX(Admissions_2024_2025!W:W,MATCH($B12,Admissions_2024_2025!$B:$B,0)),"") -> 2022 admissions (name-matched to QID); outcomes
A13: Class of 2022 | B13: 30463401470 | C13: ماجد عبدالله ماجد السويدى | D13: =IFERROR(INDEX(Admissions_2024_2025!D:D,MATCH($B13,Admissions_2024_2025!$B:$B,0)),"") -> 0 | E13: =IFERROR(INDEX(Admissions_2024_2025!E:E,MATCH($B13,Admissions_2024_2025!$B:$B,0)),"") -> 0 | F13: =IFERROR(INDEX(Admissions_2024_2025!F:F,MATCH($B13,Admissions_2024_2025!$B:$B,0)),"") -> 43.6 | G13: =IFERROR(INDEX(Admissions_2024_2025!G:G,MATCH($B13,Admissions_2024_2025!$B:$B,0)),"") -> 56 | H13: =IFERROR(INDEX(Admissions_2024_2025!H:H,MATCH($B13,Admissions_2024_2025!$B:$B,0)),"") -> 74.666667 | I13: =IFERROR(INDEX(Admissions_2024_2025!I:I,MATCH($B13,Admissions_2024_2025!$B:$B,0)),"") -> 0 | J13: =IFERROR(INDEX(Admissions_2024_2025!J:J,MATCH($B13,Admissions_2024_2025!$B:$B,0)),"") -> 109 | K13: =IF(J13="","",J13/250*100) -> 43.6 | L13: =IFERROR(INDEX(Admissions_2024_2025!L:L,MATCH($B13,Admissions_2024_2025!$B:$B,0)),"") -> 56 | M13: =IF(L13="","",L13/50*100) -> 112 | N13: =IF(COUNT(R13:U13)=0,"",ROUND(AVERAGE(R13:U13),0)) | O13: =IF(N13="","",N13/142*100) | P13: =IF(COUNT(K13,M13,O13)=0,"",AVERAGE(K13,M13,O13)) -> 77.8 | Q13: =IFERROR(INDEX(Admissions_2024_2025!Q:Q,MATCH($B13,Admissions_2024_2025!$B:$B,0)),"") | R13: =IFERROR(INDEX(Admissions_2024_2025!R:R,MATCH($B13,Admissions_2024_2025!$B:$B,0)),"") | S13: =IFERROR(INDEX(Admissions_2024_2025!S:S,MATCH($B13,Admissions_2024_2025!$B:$B,0)),"") | T13: =IFERROR(INDEX(Admissions_2024_2025!T:T,MATCH($B13,Admissions_2024_2025!$B:$B,0)),"") | U13: =IFERROR(INDEX(Admissions_2024_2025!U:U,MATCH($B13,Admissions_2024_2025!$B:$B,0)),"") | W13: =IFERROR(INDEX(Admissions_2024_2025!W:W,MATCH($B13,Admissions_2024_2025!$B:$B,0)),"") -> 2022 admissions (name-matched to QID); outcomes
... A60: Class of 2022 | B60: 30463403015 | C60: نصار طارق حسين نصار | D60: =IFERROR(INDEX(Admissions_2024_2025!D:D,MATCH($B60,Admissions_2024_2025!$B:$B,0)),"") -> 0 | E60: =IFERROR(INDEX(Admissions_2024_2025!E:E,MATCH($B60,Admissions_2024_2025!$B:$B,0)),"") -> 0 | F60: =IFERROR(INDEX(Admissions_2024_2025!F:F,MATCH($B60,Admissions_2024_2025!$B:$B,0)),"") -> 58 | G60: =IFERROR(INDEX(Admissions_2024_2025!G:G,MATCH($B60,Admissions_2024_2025!$B:$B,0)),"") -> 100 | H60: =IFERROR(INDEX(Admissions_2024_2025!H:H,MATCH($B60,Admissions_2024_2025!$B:$B,0)),"") -> 70.666667 | I60: =IFERROR(INDEX(Admissions_2024_2025!I:I,MATCH($B60,Admissions_2024_2025!$B:$B,0)),"") -> 0 | J60: =IFERROR(INDEX(Admissions_2024_2025!J:J,MATCH($B60,Admissions_2024_2025!$B:$B,0)),"") -> 145 | K60: =IF(J60="","",J60/250*100) -> 58 | L60: =IFERROR(INDEX(Admissions_2024_2025!L:L,MATCH($B60,Admissions_2024_2025!$B:$B,0)),"") -> 53 | M60: =IF(L60="","",L60/50*100) -> 106 | N60: =IF(COUNT(R60:U60)=0,"",ROUND(AVERAGE(R60:U60),0)) | O60: =IF(N60="","",N60/142*100) | P60: =IF(COUNT(K60,M60,O60)=0,"",AVERAGE(K60,M60,O60)) -> 82 | Q60: =IFERROR(INDEX(Admissions_2024_2025!Q:Q,MATCH($B60,Admissions_2024_2025!$B:$B,0)),"") | R60: =IFERROR(INDEX(Admissions_2024_2025!R:R,MATCH($B60,Admissions_2024_2025!$B:$B,0)),"") | S60: =IFERROR(INDEX(Admissions_2024_2025!S:S,MATCH($B60,Admissions_2024_2025!$B:$B,0)),"") | T60: =IFERROR(INDEX(Admissions_2024_2025!T:T,MATCH($B60,Admissions_2024_2025!$B:$B,0)),"") | U60: =IFERROR(INDEX(Admissions_2024_2025!U:U,MATCH($B60,Admissions_2024_2025!$B:$B,0)),"") | W60: =IFERROR(INDEX(Admissions_2024_2025!W:W,MATCH($B60,Admissions_2024_2025!$B:$B,0)),"") -> 2022 admissions (name-matched to QID); outcomes
A61: Class of 2023 | B61: 30563405617 | C61: ابراهيم احمد ابراهيم البدر | D61: =IFERROR(INDEX(Admissions_2024_2025!D:D,MATCH($B61,Admissions_2024_2025!$B:$B,0)),"") -> Umar ibn Al-Khattab Preparatory School for Boys | E61: =IFERROR(INDEX(Admissions_2024_2025!E:E,MATCH($B61,Admissions_2024_2025!$B:$B,0)),"") -> General | F61: =IFERROR(INDEX(Admissions_2024_2025!F:F,MATCH($B61,Admissions_2024_2025!$B:$B,0)),"") -> 92 | G61: =IFERROR(INDEX(Admissions_2024_2025!G:G,MATCH($B61,Admissions_2024_2025!$B:$B,0)),"") -> 0 | H61: =IFERROR(INDEX(Admissions_2024_2025!H:H,MATCH($B61,Admissions_2024_2025!$B:$B,0)),"") -> 0 | I61: =IFERROR(INDEX(Admissions_2024_2025!I:I,MATCH($B61,Admissions_2024_2025!$B:$B,0)),"") -> B1 | J61: =IFERROR(INDEX(Admissions_2024_2025!J:J,MATCH($B61,Admissions_2024_2025!$B:$B,0)),"") -> 112 | K61: =IF(J61="","",J61/250*100) -> 44.8 | L61: =IFERROR(INDEX(Admissions_2024_2025!L:L,MATCH($B61,Admissions_2024_2025!$B:$B,0)),"") -> 63 | M61: =IF(L61="","",L61/50*100) -> 126 | N61: =IF(COUNT(R61:U61)=0,"",ROUND(AVERAGE(R61:U61),0)) -> 105 | O61: =IF(N61="","",N61/142*100) -> 73.943662 | P61: =IF(COUNT(K61,M61,O61)=0,"",AVERAGE(K61,M61,O61)) -> 81.581221 | Q61: =IFERROR(INDEX(Admissions_2024_2025!Q:Q,MATCH($B61,Admissions_2024_2025!$B:$B,0)),"") -> Moderate spatial bias | R61: =IFERROR(INDEX(Admissions_2024_2025!R:R,MATCH($B61,Admissions_2024_2025!$B:$B,0)),"") -> 86 | S61: =IFERROR(INDEX(Admissions_2024_2025!S:S,MATCH($B61,Admissions_2024_2025!$B:$B,0)),"") -> 116 | T61: =IFERROR(INDEX(Admissions_2024_2025!T:T,MATCH($B61,Admissions_2024_2025!$B:$B,0)),"") -> 111 | U61: =IFERROR(INDEX(Admissions_2024_2025!U:U,MATCH($B61,Admissions_2024_2025!$B:$B,0)),"") -> 107 | V61: =IFERROR(INDEX(Admissions_2024_2025!V:V,MATCH($B2,Admissions_2024_2025!$B:$B,0)),"") -> 0 | W61: =IFERROR(INDEX(Admissions_2024_2025!W:W,MATCH($B61,Admissions_2024_2025!$B:$B,0)),"") -> 2023 admissions; 2019 accepted list; CAT new students
A62: Class of 2023 | B62: 30563400001 | C62: جاسم محمد دغش الدوسرى | D62: =IFERROR(INDEX(Admissions_2024_2025!D:D,MATCH($B62,Admissions_2024_2025!$B:$B,0)),"") -> Doha Preparatory School for Boys | E62: =IFERROR(INDEX(Admissions_2024_2025!E:E,MATCH($B62,Admissions_2024_2025!$B:$B,0)),"") -> General | F62: =IFERROR(INDEX(Admissions_2024_2025!F:F,MATCH($B62,Admissions_2024_2025!$B:$B,0)),"") -> 96 | G62: =IFERROR(INDEX(Admissions_2024_2025!G:G,MATCH($B62,Admissions_2024_2025!$B:$B,0)),"") -> 0 | H62: =IFERROR(INDEX(Admissions_2024_2025!H:H,MATCH($B62,Admissions_2024_2025!$B:$B,0)),"") -> 0 | I62: =IFERROR(INDEX(Admissions_2024_2025!I:I,MATCH($B62,Admissions_2024_2025!$B:$B,0)),"") -> B1 | J62: =IFERROR(INDEX(Admissions_2024_2025!J:J,MATCH($B62,Admissions_2024_2025!$B:$B,0)),"") -> 127 | K62: =IF(J62="","",J62/250*100) -> 50.8 | L62: =IFERROR(INDEX(Admissions_2024_2025!L:L,MATCH($B62,Admissions_2024_2025!$B:$B,0)),"") -> 75 | M62: =IF(L62="","",L62/50*100) -> 150 | N62: =IF(COUNT(R62:U62)=0,"",ROUND(AVERAGE(R62:U62),0)) -> 107 | O62: =IF(N62="","",N62/142*100) -> 75.352113 | P62: =IF(COUNT(K62,M62,O62)=0,"",AVERAGE(K62,M62,O62)) -> 92.050704 | Q62: =IFERROR(INDEX(Admissions_2024_2025!Q:Q,MATCH($B62,Admissions_2024_2025!$B:$B,0)),"") -> Extreme spatial bias | R62: =IFERROR(INDEX(Admissions_2024_2025!R:R,MATCH($B62,Admissions_2024_2025!$B:$B,0)),"") -> 75 | S62: =IFERROR(INDEX(Admissions_2024_2025!S:S,MATCH($B62,Admissions_2024_2025!$B:$B,0)),"") -> 112 | T62: =IFERROR(INDEX(Admissions_2024_2025!T:T,MATCH($B62,Admissions_2024_2025!$B:$B,0)),"") -> 121 | U62: =IFERROR(INDEX(Admissions_2024_2025!U:U,MATCH($B62,Admissions_2024_2025!$B:$B,0)),"") -> 118 | V62: =IFERROR(INDEX(Admissions_2024_2025!V:V,MATCH($B3,Admissions_2024_2025!$B:$B,0)),"") -> 0 | W62: =IFERROR(INDEX(Admissions_2024_2025!W:W,MATCH($B62,Admissions_2024_2025!$B:$B,0)),"") -> 2023 admissions; 2019 accepted list; CAT new students
A63: Class of 2023 | B63: 30563403466 | C63: حارب طارق حارب المهندى | D63: =IFERROR(INDEX(Admissions_2024_2025!D:D,MATCH($B63,Admissions_2024_2025!$B:$B,0)),"") -> Abu Bakr as-Siddiq Preparatory School for Boys | E63: =IFERROR(INDEX(Admissions_2024_2025!E:E,MATCH($B63,Admissions_2024_2025!$B:$B,0)),"") -> General | F63: =IFERROR(INDEX(Admissions_2024_2025!F:F,MATCH($B63,Admissions_2024_2025!$B:$B,0)),"") -> 91 | G63: =IFERROR(INDEX(Admissions_2024_2025!G:G,MATCH($B63,Admissions_2024_2025!$B:$B,0)),"") -> 0 | H63: =IFERROR(INDEX(Admissions_2024_2025!H:H,MATCH($B63,Admissions_2024_2025!$B:$B,0)),"") -> 0 | I63: =IFERROR(INDEX(Admissions_2024_2025!I:I,MATCH($B63,Admissions_2024_2025!$B:$B,0)),"") -> B2 | J63: =IFERROR(INDEX(Admissions_2024_2025!J:J,MATCH($B63,Admissions_2024_2025!$B:$B,0)),"") -> 136 | K63: =IF(J63="","",J63/250*100) -> 54.4 | L63: =IFERROR(INDEX(Admissions_2024_2025!L:L,MATCH($B63,Admissions_2024_2025!$B:$B,0)),"") -> 40 | M63: =IF(L63="","",L63/50*100) -> 80 | N63: =IF(COUNT(R63:U63)=0,"",ROUND(AVERAGE(R63:U63),0)) -> 93 | O63: =IF(N63="","",N63/142*100) -> 65.492958 | P63: =IF(COUNT(K63,M63,O63)=0,"",AVERAGE(K63,M63,O63)) -> 66.630986 | Q63: =IFERROR(INDEX(Admissions_2024_2025!Q:Q,MATCH($B63,Admissions_2024_2025!$B:$B,0)),"") -> No bias | R63: =IFERROR(INDEX(Admissions_2024_2025!R:R,MATCH($B63,Admissions_2024_2025!$B:$B,0)),"") -> 85 | S63: =IFERROR(INDEX(Admissions_2024_2025!S:S,MATCH($B63,Admissions_2024_2025!$B:$B,0)),"") -> 101 | T63: =IFERROR(INDEX(Admissions_2024_2025!T:T,MATCH($B63,Admissions_2024_2025!$B:$B,0)),"") -> 93 | U63: =IFERROR(INDEX(Admissions_2024_2025!U:U,MATCH($B63,Admissions_2024_2025!$B:$B,0)),"") -> 94 | V63: =IFERROR(INDEX(Admissions_2024_2025!V:V,MATCH($B4,Admissions_2024_2025!$B:$B,0)),"") -> 0 | W63: =IFERROR(INDEX(Admissions_2024_2025!W:W,MATCH($B63,Admissions_2024_2025!$B:$B,0)),"") -> 2023 admissions; 2019 accepted list; CAT new students
A64: Class of 2023 | B64: 30563405656 | C64: سلطان حسن احمد ابوهندى | D64: =IFERROR(INDEX(Admissions_2024_2025!D:D,MATCH($B64,Admissions_2024_2025!$B:$B,0)),"") -> Abu Bakr as-Siddiq Preparatory School for Boys | E64: =IFERROR(INDEX(Admissions_2024_2025!E:E,MATCH($B64,Admissions_2024_2025!$B:$B,0)),"") -> General | F64: =IFERROR(INDEX(Admissions_2024_2025!F:F,MATCH($B64,Admissions_2024_2025!$B:$B,0)),"") -> 95 | G64: =IFERROR(INDEX(Admissions_2024_2025!G:G,MATCH($B64,Admissions_2024_2025!$B:$B,0)),"") -> 0 | H64: =IFERROR(INDEX(Admissions_2024_2025!H:H,MATCH($B64,Admissions_2024_2025!$B:$B,0)),"") -> 0 | I64: =IFERROR(INDEX(Admissions_2024_2025!I:I,MATCH($B64,Admissions_2024_2025!$B:$B,0)),"") -> B1 | J64: =IFERROR(INDEX(Admissions_2024_2025!J:J,MATCH($B64,Admissions_2024_2025!$B:$B,0)),"") -> 140 | K64: =IF(J64="","",J64/250*100) -> 56 | L64: =IFERROR(INDEX(Admissions_2024_2025!L:L,MATCH($B64,Admissions_2024_2025!$B:$B,0)),"") -> 83 | M64: =IF(L64="","",L64/50*100) -> 166 | N64: =IF(COUNT(R64:U64)=0,"",ROUND(AVERAGE(R64:U64),0)) -> 96 | O64: =IF(N64="","",N64/142*100) -> 67.605634 | P64: =IF(COUNT(K64,M64,O64)=0,"",AVERAGE(K64,M64,O64)) -> 96.535211 | Q64: =IFERROR(INDEX(Admissions_2024_2025!Q:Q,MATCH($B64,Admissions_2024_2025!$B:$B,0)),"") -> Mild spatial bias | R64: =IFERROR(INDEX(Admissions_2024_2025!R:R,MATCH($B64,Admissions_2024_2025!$B:$B,0)),"") -> 75 | S64: =IFERROR(INDEX(Admissions_2024_2025!S:S,MATCH($B64,Admissions_2024_2025!$B:$B,0)),"") -> 122 | T64: =IFERROR(INDEX(Admissions_2024_2025!T:T,MATCH($B64,Admissions_2024_2025!$B:$B,0)),"") -> 93 | U64: =IFERROR(INDEX(Admissions_2024_2025!U:U,MATCH($B64,Admissions_2024_2025!$B:$B,0)),"") -> 92 | V64: =IFERROR(INDEX(Admissions_2024_2025!V:V,MATCH($B5,Admissions_2024_2025!$B:$B,0)),"") -> 0 | W64: =IFERROR(INDEX(Admissions_2024_2025!W:W,MATCH($B64,Admissions_2024_2025!$B:$B,0)),"") -> 2023 admissions; 2019 accepted list; CAT new students
A65: Class of 2023 | B65: 30563401334 | C65: سلطان عيد سلطان المهندى | D65: =IFERROR(INDEX(Admissions_2024_2025!D:D,MATCH($B65,Admissions_2024_2025!$B:$B,0)),"") -> Umar ibn Al-Khattab Preparatory School for Boys | E65: =IFERROR(INDEX(Admissions_2024_2025!E:E,MATCH($B65,Admissions_2024_2025!$B:$B,0)),"") -> General | F65: =IFERROR(INDEX(Admissions_2024_2025!F:F,MATCH($B65,Admissions_2024_2025!$B:$B,0)),"") -> 84 | G65: =IFERROR(INDEX(Admissions_2024_2025!G:G,MATCH($B65,Admissions_2024_2025!$B:$B,0)),"") -> 0 | H65: =IFERROR(INDEX(Admissions_2024_2025!H:H,MATCH($B65,Admissions_2024_2025!$B:$B,0)),"") -> 0 | I65: =IFERROR(INDEX(Admissions_2024_2025!I:I,MATCH($B65,Admissions_2024_2025!$B:$B,0)),"") -> B1 | J65: =IFERROR(INDEX(Admissions_2024_2025!J:J,MATCH($B65,Admissions_2024_2025!$B:$B,0)),"") -> 131 | K65: =IF(J65="","",J65/250*100) -> 52.4 | L65: =IFERROR(INDEX(Admissions_2024_2025!L:L,MATCH($B65,Admissions_2024_2025!$B:$B,0)),"") -> 75 | M65: =IF(L65="","",L65/50*100) -> 150 | N65: =IF(COUNT(R65:U65)=0,"",ROUND(AVERAGE(R65:U65),0)) -> 96 | O65: =IF(N65="","",N65/142*100) -> 67.605634 | P65: =IF(COUNT(K65,M65,O65)=0,"",AVERAGE(K65,M65,O65)) -> 90.001878 | Q65: =IFERROR(INDEX(Admissions_2024_2025!Q:Q,MATCH($B65,Admissions_2024_2025!$B:$B,0)),"") -> Moderate spatial bias | R65: =IFERROR(INDEX(Admissions_2024_2025!R:R,MATCH($B65,Admissions_2024_2025!$B:$B,0)),"") -> 75 | S65: =IFERROR(INDEX(Admissions_2024_2025!S:S,MATCH($B65,Admissions_2024_2025!$B:$B,0)),"") -> 116 | T65: =IFERROR(INDEX(Admissions_2024_2025!T:T,MATCH($B65,Admissions_2024_2025!$B:$B,0)),"") -> 91 | U65: =IFERROR(INDEX(Admissions_2024_2025!U:U,MATCH($B65,Admissions_2024_2025!$B:$B,0)),"") -> 102 | V65: =IFERROR(INDEX(Admissions_2024_2025!V:V,MATCH($B6,Admissions_2024_2025!$B:$B,0)),"") -> 0 | W65: =IFERROR(INDEX(Admissions_2024_2025!W:W,MATCH($B65,Admissions_2024_2025!$B:$B,0)),"") -> 2023 admissions; 2019 accepted list; CAT new students
A66: Class of 2023 | B66: 30563404818 | C66: عبدالعزيز خالد ابراهيم الحمادى | D66: =IFERROR(INDEX(Admissions_2024_2025!D:D,MATCH($B66,Admissions_2024_2025!$B:$B,0)),"") -> Doha British School | E66: =IFERROR(INDEX(Admissions_2024_2025!E:E,MATCH($B66,Admissions_2024_2025!$B:$B,0)),"") -> British | F66: =IFERROR(INDEX(Admissions_2024_2025!F:F,MATCH($B66,Admissions_2024_2025!$B:$B,0)),"") -> Step 5 | G66: =IFERROR(INDEX(Admissions_2024_2025!G:G,MATCH($B66,Admissions_2024_2025!$B:$B,0)),"") -> 0 | H66: =IFERROR(INDEX(Admissions_2024_2025!H:H,MATCH($B66,Admissions_2024_2025!$B:$B,0)),"") -> 0 | I66: =IFERROR(INDEX(Admissions_2024_2025!I:I,MATCH($B66,Admissions_2024_2025!$B:$B,0)),"") -> B2 | J66: =IFERROR(INDEX(Admissions_2024_2025!J:J,MATCH($B66,Admissions_2024_2025!$B:$B,0)),"") -> 161 | K66: =IF(J66="","",J66/250*100) -> 64.4 | L66: =IFERROR(INDEX(Admissions_2024_2025!L:L,MATCH($B66,Admissions_2024_2025!$B:$B,0)),"") -> 78 | M66: =IF(L66="","",L66/50*100) -> 156 | N66: =IF(COUNT(R66:U66)=0,"",ROUND(AVERAGE(R66:U66),0)) -> 99 | O66: =IF(N66="","",N66/142*100) -> 69.71831 | P66: =IF(COUNT(K66,M66,O66)=0,"",AVERAGE(K66,M66,O66)) -> 96.706103 | Q66: =IFERROR(INDEX(Admissions_2024_2025!Q:Q,MATCH($B66,Admissions_2024_2025!$B:$B,0)),"") -> Mild verbal bias | R66: =IFERROR(INDEX(Admissions_2024_2025!R:R,MATCH($B66,Admissions_2024_2025!$B:$B,0)),"") -> 104 | S66: =IFERROR(INDEX(Admissions_2024_2025!S:S,MATCH($B66,Admissions_2024_2025!$B:$B,0)),"") -> 95 | T66: =IFERROR(INDEX(Admissions_2024_2025!T:T,MATCH($B66,Admissions_2024_2025!$B:$B,0)),"") -> 102 | U66: =IFERROR(INDEX(Admissions_2024_2025!U:U,MATCH($B66,Admissions_2024_2025!$B:$B,0)),"") -> 96 | V66: =IFERROR(INDEX(Admissions_2024_2025!V:V,MATCH($B7,Admissions_2024_2025!$B:$B,0)),"") -> 0 | W66: =IFERROR(INDEX(Admissions_2024_2025!W:W,MATCH($B66,Admissions_2024_2025!$B:$B,0)),"") -> 2023 admissions; 2019 accepted list; CAT new students
A67: Class of 2023 | B67: 30563400872 | C67: عبدالله جبر احمد الحجاجى | D67: =IFERROR(INDEX(Admissions_2024_2025!D:D,MATCH($B67,Admissions_2024_2025!$B:$B,0)),"") -> Khalid Bin Ahmad Preparatory School for Boys | E67: =IFERROR(INDEX(Admissions_2024_2025!E:E,MATCH($B67,Admissions_2024_2025!$B:$B,0)),"") -> General | F67: =IFERROR(INDEX(Admissions_2024_2025!F:F,MATCH($B67,Admissions_2024_2025!$B:$B,0)),"") -> 89 | G67: =IFERROR(INDEX(Admissions_2024_2025!G:G,MATCH($B67,Admissions_2024_2025!$B:$B,0)),"") -> 0 | H67: =IFERROR(INDEX(Admissions_2024_2025!H:H,MATCH($B67,Admissions_2024_2025!$B:$B,0)),"") -> 0 | I67: =IFERROR(INDEX(Admissions_2024_2025!I:I,MATCH($B67,Admissions_2024_2025!$B:$B,0)),"") -> B1 | J67: =IFERROR(INDEX(Admissions_2024_2025!J:J,MATCH($B67,Admissions_2024_2025!$B:$B,0)),"") -> 138 | K67: =IF(J67="","",J67/250*100) -> 55.2 | L67: =IFERROR(INDEX(Admissions_2024_2025!L:L,MATCH($B67,Admissions_2024_2025!$B:$B,0)),"") -> 38 | M67: =IF(L67="","",L67/50*100) -> 76 | N67: =IF(COUNT(R67:U67)=0,"",ROUND(AVERAGE(R67:U67),0)) -> 95 | O67: =IF(N67="","",N67/142*100) -> 66.901408 | P67: =IF(COUNT(K67,M67,O67)=0,"",AVERAGE(K67,M67,O67)) -> 66.033803 | Q67: =IFERROR(INDEX(Admissions_2024_2025!Q:Q,MATCH($B67,Admissions_2024_2025!$B:$B,0)),"") -> No bias | R67: =IFERROR(INDEX(Admissions_2024_2025!R:R,MATCH($B67,Admissions_2024_2025!$B:$B,0)),"") -> 77 | S67: =IFERROR(INDEX(Admissions_2024_2025!S:S,MATCH($B67,Admissions_2024_2025!$B:$B,0)),"") -> 110 | T67: =IFERROR(INDEX(Admissions_2024_2025!T:T,MATCH($B67,Admissions_2024_2025!$B:$B,0)),"") -> 105 | U67: =IFERROR(INDEX(Admissions_2024_2025!U:U,MATCH($B67,Admissions_2024_2025!$B:$B,0)),"") -> 86 | V67: =IFERROR(INDEX(Admissions_2024_2025!V:V,MATCH($B8,Admissions_2024_2025!$B:$B,0)),"") -> 0 | W67: =IFERROR(INDEX(Admissions_2024_2025!W:W,MATCH($B67,Admissions_2024_2025!$B:$B,0)),"") -> 2023 admissions; 2019 accepted list; CAT new students
A68: Class of 2023 | B68: 30563405476 | C68: عبدالله نايف ناصر النعيمى | D68: =IFERROR(INDEX(Admissions_2024_2025!D:D,MATCH($B68,Admissions_2024_2025!$B:$B,0)),"") -> Khalid ibn al-Walid Preparatory School for Boys | E68: =IFERROR(INDEX(Admissions_2024_2025!E:E,MATCH($B68,Admissions_2024_2025!$B:$B,0)),"") -> General | F68: =IFERROR(INDEX(Admissions_2024_2025!F:F,MATCH($B68,Admissions_2024_2025!$B:$B,0)),"") -> 99 | G68: =IFERROR(INDEX(Admissions_2024_2025!G:G,MATCH($B68,Admissions_2024_2025!$B:$B,0)),"") -> 0 | H68: =IFERROR(INDEX(Admissions_2024_2025!H:H,MATCH($B68,Admissions_2024_2025!$B:$B,0)),"") -> 0 | I68: =IFERROR(INDEX(Admissions_2024_2025!I:I,MATCH($B68,Admissions_2024_2025!$B:$B,0)),"") -> B2 | J68: =IFERROR(INDEX(Admissions_2024_2025!J:J,MATCH($B68,Admissions_2024_2025!$B:$B,0)),"") -> 148 | K68: =IF(J68="","",J68/250*100) -> 59.2 | L68: =IFERROR(INDEX(Admissions_2024_2025!L:L,MATCH($B68,Admissions_2024_2025!$B:$B,0)),"") -> 60 | M68: =IF(L68="","",L68/50*100) -> 120 | N68: =IF(COUNT(R68:U68)=0,"",ROUND(AVERAGE(R68:U68),0)) -> 104 | O68: =IF(N68="","",N68/142*100) -> 73.239437 | P68: =IF(COUNT(K68,M68,O68)=0,"",AVERAGE(K68,M68,O68)) -> 84.146479 | Q68: =IFERROR(INDEX(Admissions_2024_2025!Q:Q,MATCH($B68,Admissions_2024_2025!$B:$B,0)),"") -> Mild spatial bias | R68: =IFERROR(INDEX(Admissions_2024_2025!R:R,MATCH($B68,Admissions_2024_2025!$B:$B,0)),"") -> 93 | S68: =IFERROR(INDEX(Admissions_2024_2025!S:S,MATCH($B68,Admissions_2024_2025!$B:$B,0)),"") -> 111 | T68: =IFERROR(INDEX(Admissions_2024_2025!T:T,MATCH($B68,Admissions_2024_2025!$B:$B,0)),"") -> 109 | U68: =IFERROR(INDEX(Admissions_2024_2025!U:U,MATCH($B68,Admissions_2024_2025!$B:$B,0)),"") -> 104 | V68: =IFERROR(INDEX(Admissions_2024_2025!V:V,MATCH($B9,Admissions_2024_2025!$B:$B,0)),"") -> 0 | W68: =IFERROR(INDEX(Admissions_2024_2025!W:W,MATCH($B68,Admissions_2024_2025!$B:$B,0)),"") -> 2023 admissions; 2019 accepted list; CAT new students
A69: Class of 2023 | B69: 30663401667 | C69: على يوسف صالح المهندى | D69: =IFERROR(INDEX(Admissions_2024_2025!D:D,MATCH($B69,Admissions_2024_2025!$B:$B,0)),"") -> Umar ibn Al-Khattab Preparatory School for Boys | E69: =IFERROR(INDEX(Admissions_2024_2025!E:E,MATCH($B69,Admissions_2024_2025!$B:$B,0)),"") -> General | F69: =IFERROR(INDEX(Admissions_2024_2025!F:F,MATCH($B69,Admissions_2024_2025!$B:$B,0)),"") -> 91 | G69: =IFERROR(INDEX(Admissions_2024_2025!G:G,MATCH($B69,Admissions_2024_2025!$B:$B,0)),"") -> 0 | H69: =IFERROR(INDEX(Admissions_2024_2025!H:H,MATCH($B69,Admissions_2024_2025!$B:$B,0)),"") -> 0 | I69: =IFERROR(INDEX(Admissions_2024_2025!I:I,MATCH($B69,Admissions_2024_2025!$B:$B,0)),"") -> B1 | J69: =IFERROR(INDEX(Admissions_2024_2025!J:J,MATCH($B69,Admissions_2024_2025!$B:$B,0)),"") -> 131 | K69: =IF(J69="","",J69/250*100) -> 52.4 | L69: =IFERROR(INDEX(Admissions_2024_2025!L:L,MATCH($B69,Admissions_2024_2025!$B:$B,0)),"") -> 55 | M69: =IF(L69="","",L69/50*100) -> 110 | N69: =IF(COUNT(R69:U69)=0,"",ROUND(AVERAGE(R69:U69),0)) -> 93 | O69: =IF(N69="","",N69/142*100) -> 65.492958 | P69: =IF(COUNT(K69,M69,O69)=0,"",AVERAGE(K69,M69,O69)) -> 75.964319 | Q69: =IFERROR(INDEX(Admissions_2024_2025!Q:Q,MATCH($B69,Admissions_2024_2025!$B:$B,0)),"") -> Moderate spatial bias | R69: =IFERROR(INDEX(Admissions_2024_2025!R:R,MATCH($B69,Admissions_2024_2025!$B:$B,0)),"") -> 69 | S69: =IFERROR(INDEX(Admissions_2024_2025!S:S,MATCH($B69,Admissions_2024_2025!$B:$B,0)),"") -> 106 | T69: =IFERROR(INDEX(Admissions_2024_2025!T:T,MATCH($B69,Admissions_2024_2025!$B:$B,0)),"") -> 102 | U69: =IFERROR(INDEX(Admissions_2024_2025!U:U,MATCH($B69,Admissions_2024_2025!$B:$B,0)),"") -> 94 | V69: =IFERROR(INDEX(Admissions_2024_2025!V:V,MATCH($B10,Admissions_2024_2025!$B:$B,0)),"") -> 0 | W69: =IFERROR(INDEX(Admissions_2024_2025!W:W,MATCH($B69,Admissions_2024_2025!$B:$B,0)),"") -> 2023 admissions; 2019 accepted list; CAT new students
A70: Class of 2023 | B70: 30663400377 | C70: عمر سعد ابراهيم البدر | D70: =IFERROR(INDEX(Admissions_2024_2025!D:D,MATCH($B70,Admissions_2024_2025!$B:$B,0)),"") -> Doha Preparatory School for Boys | E70: =IFERROR(INDEX(Admissions_2024_2025!E:E,MATCH($B70,Admissions_2024_2025!$B:$B,0)),"") -> General | F70: =IFERROR(INDEX(Admissions_2024_2025!F:F,MATCH($B70,Admissions_2024_2025!$B:$B,0)),"") -> 100 | G70: =IFERROR(INDEX(Admissions_2024_2025!G:G,MATCH($B70,Admissions_2024_2025!$B:$B,0)),"") -> 0 | H70: =IFERROR(INDEX(Admissions_2024_2025!H:H,MATCH($B70,Admissions_2024_2025!$B:$B,0)),"") -> 0 | I70: =IFERROR(INDEX(Admissions_2024_2025!I:I,MATCH($B70,Admissions_2024_2025!$B:$B,0)),"") -> B2 | J70: =IFERROR(INDEX(Admissions_2024_2025!J:J,MATCH($B70,Admissions_2024_2025!$B:$B,0)),"") -> 167 | K70: =IF(J70="","",J70/250*100) -> 66.8 | L70: =IFERROR(INDEX(Admissions_2024_2025!L:L,MATCH($B70,Admissions_2024_2025!$B:$B,0)),"") -> 63 | M70: =IF(L70="","",L70/50*100) -> 126 | N70: =IF(COUNT(R70:U70)=0,"",ROUND(AVERAGE(R70:U70),0)) -> 101 | O70: =IF(N70="","",N70/142*100) -> 71.126761 | P70: =IF(COUNT(K70,M70,O70)=0,"",AVERAGE(K70,M70,O70)) -> 87.975587 | Q70: =IFERROR(INDEX(Admissions_2024_2025!Q:Q,MATCH($B70,Admissions_2024_2025!$B:$B,0)),"") -> No bias | R70: =IFERROR(INDEX(Admissions_2024_2025!R:R,MATCH($B70,Admissions_2024_2025!$B:$B,0)),"") -> 96 | S70: =IFERROR(INDEX(Admissions_2024_2025!S:S,MATCH($B70,Admissions_2024_2025!$B:$B,0)),"") -> 100 | T70: =IFERROR(INDEX(Admissions_2024_2025!T:T,MATCH($B70,Admissions_2024_2025!$B:$B,0)),"") -> 107 | U70: =IFERROR(INDEX(Admissions_2024_2025!U:U,MATCH($B70,Admissions_2024_2025!$B:$B,0)),"") -> 99 | V70: =IFERROR(INDEX(Admissions_2024_2025!V:V,MATCH($B11,Admissions_2024_2025!$B:$B,0)),"") -> 0 | W70: =IFERROR(INDEX(Admissions_2024_2025!W:W,MATCH($B70,Admissions_2024_2025!$B:$B,0)),"") -> 2023 admissions; 2019 accepted list; CAT new students
A71: Class of 2023 | B71: 30663404073 | C71: فيصل احمد سالم المسلمانى | D71: =IFERROR(INDEX(Admissions_2024_2025!D:D,MATCH($B71,Admissions_2024_2025!$B:$B,0)),"") -> Al Maha English School - Pri - Boys | E71: =IFERROR(INDEX(Admissions_2024_2025!E:E,MATCH($B71,Admissions_2024_2025!$B:$B,0)),"") -> British | F71: =IFERROR(INDEX(Admissions_2024_2025!F:F,MATCH($B71,Admissions_2024_2025!$B:$B,0)),"") -> 70 | G71: =IFERROR(INDEX(Admissions_2024_2025!G:G,MATCH($B71,Admissions_2024_2025!$B:$B,0)),"") -> 0 | H71: =IFERROR(INDEX(Admissions_2024_2025!H:H,MATCH($B71,Admissions_2024_2025!$B:$B,0)),"") -> 0 | I71: =IFERROR(INDEX(Admissions_2024_2025!I:I,MATCH($B71,Admissions_2024_2025!$B:$B,0)),"") -> B1 | J71: =IFERROR(INDEX(Admissions_2024_2025!J:J,MATCH($B71,Admissions_2024_2025!$B:$B,0)),"") -> 137 | K71: =IF(J71="","",J71/250*100) -> 54.8 | L71: =IFERROR(INDEX(Admissions_2024_2025!L:L,MATCH($B71,Admissions_2024_2025!$B:$B,0)),"") -> 55 | M71: =IF(L71="","",L71/50*100) -> 110 | N71: =IF(COUNT(R71:U71)=0,"",ROUND(AVERAGE(R71:U71),0)) -> 103 | O71: =IF(N71="","",N71/142*100) -> 72.535211 | P71: =IF(COUNT(K71,M71,O71)=0,"",AVERAGE(K71,M71,O71)) -> 79.111737 | Q71: =IFERROR(INDEX(Admissions_2024_2025!Q:Q,MATCH($B71,Admissions_2024_2025!$B:$B,0)),"") -> Moderate spatial bias | R71: =IFERROR(INDEX(Admissions_2024_2025!R:R,MATCH($B71,Admissions_2024_2025!$B:$B,0)),"") -> 83 | S71: =IFERROR(INDEX(Admissions_2024_2025!S:S,MATCH($B71,Admissions_2024_2025!$B:$B,0)),"") -> 118 | T71: =IFERROR(INDEX(Admissions_2024_2025!T:T,MATCH($B71,Admissions_2024_2025!$B:$B,0)),"") -> 106 | U71: =IFERROR(INDEX(Admissions_2024_2025!U:U,MATCH($B71,Admissions_2024_2025!$B:$B,0)),"") -> 106 | V71: =IFERROR(INDEX(Admissions_2024_2025!V:V,MATCH($B12,Admissions_2024_2025!$B:$B,0)),"") -> 0 | W71: =IFERROR(INDEX(Admissions_2024_2025!W:W,MATCH($B71,Admissions_2024_2025!$B:$B,0)),"") -> 2023 admissions; 2019 accepted list; CAT new students
A72: Class of 2023 | B72: 30563400581 | C72: محمد جاسم عبدالله البوعينين | D72: =IFERROR(INDEX(Admissions_2024_2025!D:D,MATCH($B72,Admissions_2024_2025!$B:$B,0)),"") -> Abd al-Rahman Bin Jassim Preparatory School for Boys | E72: =IFERROR(INDEX(Admissions_2024_2025!E:E,MATCH($B72,Admissions_2024_2025!$B:$B,0)),"") -> General | F72: =IFERROR(INDEX(Admissions_2024_2025!F:F,MATCH($B72,Admissions_2024_2025!$B:$B,0)),"") -> 94 | G72: =IFERROR(INDEX(Admissions_2024_2025!G:G,MATCH($B72,Admissions_2024_2025!$B:$B,0)),"") -> 0 | H72: =IFERROR(INDEX(Admissions_2024_2025!H:H,MATCH($B72,Admissions_2024_2025!$B:$B,0)),"") -> 0 | I72: =IFERROR(INDEX(Admissions_2024_2025!I:I,MATCH($B72,Admissions_2024_2025!$B:$B,0)),"") -> B1 | J72: =IFERROR(INDEX(Admissions_2024_2025!J:J,MATCH($B72,Admissions_2024_2025!$B:$B,0)),"") -> 100 | K72: =IF(J72="","",J72/250*100) -> 40 | L72: =IFERROR(INDEX(Admissions_2024_2025!L:L,MATCH($B72,Admissions_2024_2025!$B:$B,0)),"") -> 73 | M72: =IF(L72="","",L72/50*100) -> 146 | N72: =IF(COUNT(R72:U72)=0,"",ROUND(AVERAGE(R72:U72),0)) -> 112 | O72: =IF(N72="","",N72/142*100) -> 78.873239 | P72: =IF(COUNT(K72,M72,O72)=0,"",AVERAGE(K72,M72,O72)) -> 88.29108 | Q72: =IFERROR(INDEX(Admissions_2024_2025!Q:Q,MATCH($B72,Admissions_2024_2025!$B:$B,0)),"") -> Extreme spatial bias | R72: =IFERROR(INDEX(Admissions_2024_2025!R:R,MATCH($B72,Admissions_2024_2025!$B:$B,0)),"") -> 74 | S72: =IFERROR(INDEX(Admissions_2024_2025!S:S,MATCH($B72,Admissions_2024_2025!$B:$B,0)),"") -> 127 | T72: =IFERROR(INDEX(Admissions_2024_2025!T:T,MATCH($B72,Admissions_2024_2025!$B:$B,0)),"") -> 135 | U72: =IFERROR(INDEX(Admissions_2024_2025!U:U,MATCH($B72,Admissions_2024_2025!$B:$B,0)),"") -> 111 | V72: =IFERROR(INDEX(Admissions_2024_2025!V:V,MATCH($B13,Admissions_2024_2025!$B:$B,0)),"") -> 0 | W72: =IFERROR(INDEX(Admissions_2024_2025!W:W,MATCH($B72,Admissions_2024_2025!$B:$B,0)),"") -> 2023 admissions; 2019 accepted list; CAT new students
... A232: Class of 2025 | B232: 30763400655 | C232: هزاع عطاالله محمد أبوشريدة | D232: =IFERROR(INDEX(Admissions_2024_2025!D:D,MATCH($B232,Admissions_2024_2025!$B:$B,0)),"") -> Al-Furqan Private Prep - Boys | E232: =IFERROR(INDEX(Admissions_2024_2025!E:E,MATCH($B232,Admissions_2024_2025!$B:$B,0)),"") -> MOE | F232: =IFERROR(INDEX(Admissions_2024_2025!F:F,MATCH($B232,Admissions_2024_2025!$B:$B,0)),"") -> 96 | G232: =IFERROR(INDEX(Admissions_2024_2025!G:G,MATCH($B232,Admissions_2024_2025!$B:$B,0)),"") -> 85 | H232: =IFERROR(INDEX(Admissions_2024_2025!H:H,MATCH($B232,Admissions_2024_2025!$B:$B,0)),"") -> 90 | I232: =IFERROR(INDEX(Admissions_2024_2025!I:I,MATCH($B232,Admissions_2024_2025!$B:$B,0)),"") -> 0 | J232: =IFERROR(INDEX(Admissions_2024_2025!J:J,MATCH($B232,Admissions_2024_2025!$B:$B,0)),"") -> 177 | K232: =IF(J232="","",J232/250*100) -> 70.8 | L232: =IFERROR(INDEX(Admissions_2024_2025!L:L,MATCH($B232,Admissions_2024_2025!$B:$B,0)),"") -> 18 | M232: =IF(L232="","",L232/50*100) -> 36 | N232: =IF(COUNT(R232:U232)=0,"",ROUND(AVERAGE(R232:U232),0)) -> 102 | O232: =IF(N232="","",N232/142*100) -> 71.830986 | P232: =IF(COUNT(K232,M232,O232)=0,"",AVERAGE(K232,M232,O232)) -> 59.543662 | Q232: =IFERROR(INDEX(Admissions_2024_2025!Q:Q,MATCH($B232,Admissions_2024_2025!$B:$B,0)),"") -> Moderate verbal bias | R232: =IFERROR(INDEX(Admissions_2024_2025!R:R,MATCH($B232,Admissions_2024_2025!$B:$B,0)),"") -> 113 | S232: =IFERROR(INDEX(Admissions_2024_2025!S:S,MATCH($B232,Admissions_2024_2025!$B:$B,0)),"") -> 96 | T232: =IFERROR(INDEX(Admissions_2024_2025!T:T,MATCH($B232,Admissions_2024_2025!$B:$B,0)),"") -> 105 | U232: =IFERROR(INDEX(Admissions_2024_2025!U:U,MATCH($B232,Admissions_2024_2025!$B:$B,0)),"") -> 95 | V232: =IFERROR(INDEX(Admissions_2024_2025!V:V,MATCH($B173,Admissions_2024_2025!$B:$B,0)),"") -> 0 | W232: =IFERROR(INDEX(Admissions_2024_2025!W:W,MATCH($B232,Admissions_2024_2025!$B:$B,0)),"") -> 2025 accepted list; CAT4 2022/2023 proxy domains

Sheet Admissions_2024_2025
A1: Cohort | B1: QID | C1: Student_Name | D1: Prior_School | E1: Curriculum | F1: English_Prior | G1: Science_Prior | H1: Math_Prior | I1: APTIS_Band | J1: APTIS_Score | K1: APTIS_% | L1: Math_Screening_Entry | M1: Math_% | N1: Baseline_CAT4_Overall | O1: CAT4_% | P1: Baseline_Composite | Q1: Profile | R1: Baseline_Verbal_SAS | S1: Baseline_Quantitative_SAS | T1: Baseline_Nonverbal_SAS | U1: Baseline_Spatial_SAS | V1: Assigned_Class | W1: Baseline_Source
A2: Class of 2022 | B2: 30463404774 | C2: حسن اسماعيل على العمادى | F2: 46 | G2: 68 | H2: 80 | J2: 115 | K2: =IF(J2="","",J2/250*100) -> 46 | L2: 60 | M2: =IF(L2="","",L2/50*100) -> 120 | N2: =IF(COUNT(R2:U2)=0,"",ROUND(AVERAGE(R2:U2),0)) | O2: =IF(N2="","",N2/142*100) | P2: =IF(COUNT(K2,M2,O2)=0,"",AVERAGE(K2,M2,O2)) -> 83 | Q2: =IF($A2="Class of 2022","",IFERROR(INDEX(CAT4_2022_2023!$F:$F,MATCH($B2,CAT4_2022_2023!$A:$A,0)),IFERROR(INDEX(CAT4_2021_2022!$F:$F,MATCH($B2,CAT4_2021_2022!$A:$A,0)),""))) | R2: =IF($A2="Class of 2022","",IFERROR(INDEX(CAT4_2022_2023!$G:$G,MATCH($B2,CAT4_2022_2023!$A:$A,0)),IFERROR(INDEX(CAT4_2021_2022!$G:$G,MATCH($B2,CAT4_2021_2022!$A:$A,0)),""))) | S2: =IF($A2="Class of 2022","",IFERROR(INDEX(CAT4_2022_2023!$H:$H,MATCH($B2,CAT4_2022_2023!$A:$A,0)),IFERROR(INDEX(CAT4_2021_2022!$H:$H,MATCH($B2,CAT4_2021_2022!$A:$A,0)),""))) | T2: =IF($A2="Class of 2022","",IFERROR(INDEX(CAT4_2022_2023!$I:$I,MATCH($B2,CAT4_2022_2023!$A:$A,0)),IFERROR(INDEX(CAT4_2021_2022!$I:$I,MATCH($B2,CAT4_2021_2022!$A:$A,0)),""))) | U2: =IF($A2="Class of 2022","",IFERROR(INDEX(CAT4_2022_2023!$J:$J,MATCH($B2,CAT4_2022_2023!$A:$A,0)),IFERROR(INDEX(CAT4_2021_2022!$J:$J,MATCH($B2,CAT4_2021_2022!$A:$A,0)),""))) | W2: 2022 admissions (name-matched to QID); outcomes
A3: Class of 2022 | B3: 30463400105 | C3: سيف احمد محمد السليطى | F3: 70.8 | G3: 88 | H3: 78.666667 | J3: 177 | K3: =IF(J3="","",J3/250*100) -> 70.8 | L3: 59 | M3: =IF(L3="","",L3/50*100) -> 118 | N3: =IF(COUNT(R3:U3)=0,"",ROUND(AVERAGE(R3:U3),0)) | O3: =IF(N3="","",N3/142*100) | P3: =IF(COUNT(K3,M3,O3)=0,"",AVERAGE(K3,M3,O3)) -> 94.4 | Q3: =IF($A3="Class of 2022","",IFERROR(INDEX(CAT4_2022_2023!$F:$F,MATCH($B3,CAT4_2022_2023!$A:$A,0)),IFERROR(INDEX(CAT4_2021_2022!$F:$F,MATCH($B3,CAT4_2021_2022!$A:$A,0)),""))) | R3: =IF($A3="Class of 2022","",IFERROR(INDEX(CAT4_2022_2023!$G:$G,MATCH($B3,CAT4_2022_2023!$A:$A,0)),IFERROR(INDEX(CAT4_2021_2022!$G:$G,MATCH($B3,CAT4_2021_2022!$A:$A,0)),""))) | S3: =IF($A3="Class of 2022","",IFERROR(INDEX(CAT4_2022_2023!$H:$H,MATCH($B3,CAT4_2022_2023!$A:$A,0)),IFERROR(INDEX(CAT4_2021_2022!$H:$H,MATCH($B3,CAT4_2021_2022!$A:$A,0)),""))) | T3: =IF($A3="Class of 2022","",IFERROR(INDEX(CAT4_2022_2023!$I:$I,MATCH($B3,CAT4_2022_2023!$A:$A,0)),IFERROR(INDEX(CAT4_2021_2022!$I:$I,MATCH($B3,CAT4_2021_2022!$A:$A,0)),""))) | U3: =IF($A3="Class of 2022","",IFERROR(INDEX(CAT4_2022_2023!$J:$J,MATCH($B3,CAT4_2022_2023!$A:$A,0)),IFERROR(INDEX(CAT4_2021_2022!$J:$J,MATCH($B3,CAT4_2021_2022!$A:$A,0)),""))) | W3: 2022 admissions (name-matched to QID); outcomes
A4: Class of 2022 | B4: 30463401069 | C4: سيف على ابراهيم المهندى | F4: 56 | G4: 72 | H4: 72 | J4: 140 | K4: =IF(J4="","",J4/250*100) -> 56 | L4: 54 | M4: =IF(L4="","",L4/50*100) -> 108 | N4: =IF(COUNT(R4:U4)=0,"",ROUND(AVERAGE(R4:U4),0)) | O4: =IF(N4="","",N4/142*100) | P4: =IF(COUNT(K4,M4,O4)=0,"",AVERAGE(K4,M4,O4)) -> 82 | Q4: =IF($A4="Class of 2022","",IFERROR(INDEX(CAT4_2022_2023!$F:$F,MATCH($B4,CAT4_2022_2023!$A:$A,0)),IFERROR(INDEX(CAT4_2021_2022!$F:$F,MATCH($B4,CAT4_2021_2022!$A:$A,0)),""))) | R4: =IF($A4="Class of 2022","",IFERROR(INDEX(CAT4_2022_2023!$G:$G,MATCH($B4,CAT4_2022_2023!$A:$A,0)),IFERROR(INDEX(CAT4_2021_2022!$G:$G,MATCH($B4,CAT4_2021_2022!$A:$A,0)),""))) | S4: =IF($A4="Class of 2022","",IFERROR(INDEX(CAT4_2022_2023!$H:$H,MATCH($B4,CAT4_2022_2023!$A:$A,0)),IFERROR(INDEX(CAT4_2021_2022!$H:$H,MATCH($B4,CAT4_2021_2022!$A:$A,0)),""))) | T4: =IF($A4="Class of 2022","",IFERROR(INDEX(CAT4_2022_2023!$I:$I,MATCH($B4,CAT4_2022_2023!$A:$A,0)),IFERROR(INDEX(CAT4_2021_2022!$I:$I,MATCH($B4,CAT4_2021_2022!$A:$A,0)),""))) | U4: =IF($A4="Class of 2022","",IFERROR(INDEX(CAT4_2022_2023!$J:$J,MATCH($B4,CAT4_2022_2023!$A:$A,0)),IFERROR(INDEX(CAT4_2021_2022!$J:$J,MATCH($B4,CAT4_2021_2022!$A:$A,0)),""))) | W4: 2022 admissions (name-matched to QID); outcomes
A5: Class of 2022 | B5: 30463402074 | C5: عبدالرحمن عبدالعزيز اسماعيل الهاشمى | F5: 54.4 | G5: 84 | H5: 69.333333 | J5: 136 | K5: =IF(J5="","",J5/250*100) -> 54.4 | L5: 52 | M5: =IF(L5="","",L5/50*100) -> 104 | N5: =IF(COUNT(R5:U5)=0,"",ROUND(AVERAGE(R5:U5),0)) | O5: =IF(N5="","",N5/142*100) | P5: =IF(COUNT(K5,M5,O5)=0,"",AVERAGE(K5,M5,O5)) -> 79.2 | Q5: =IF($A5="Class of 2022","",IFERROR(INDEX(CAT4_2022_2023!$F:$F,MATCH($B5,CAT4_2022_2023!$A:$A,0)),IFERROR(INDEX(CAT4_2021_2022!$F:$F,MATCH($B5,CAT4_2021_2022!$A:$A,0)),""))) | R5: =IF($A5="Class of 2022","",IFERROR(INDEX(CAT4_2022_2023!$G:$G,MATCH($B5,CAT4_2022_2023!$A:$A,0)),IFERROR(INDEX(CAT4_2021_2022!$G:$G,MATCH($B5,CAT4_2021_2022!$A:$A,0)),""))) | S5: =IF($A5="Class of 2022","",IFERROR(INDEX(CAT4_2022_2023!$H:$H,MATCH($B5,CAT4_2022_2023!$A:$A,0)),IFERROR(INDEX(CAT4_2021_2022!$H:$H,MATCH($B5,CAT4_2021_2022!$A:$A,0)),""))) | T5: =IF($A5="Class of 2022","",IFERROR(INDEX(CAT4_2022_2023!$I:$I,MATCH($B5,CAT4_2022_2023!$A:$A,0)),IFERROR(INDEX(CAT4_2021_2022!$I:$I,MATCH($B5,CAT4_2021_2022!$A:$A,0)),""))) | U5: =IF($A5="Class of 2022","",IFERROR(INDEX(CAT4_2022_2023!$J:$J,MATCH($B5,CAT4_2022_2023!$A:$A,0)),IFERROR(INDEX(CAT4_2021_2022!$J:$J,MATCH($B5,CAT4_2021_2022!$A:$A,0)),""))) | W5: 2022 admissions (name-matched to QID); outcomes
A6: Class of 2022 | B6: 30463400747 | C6: عبدالرحمن عبدالله عزالدين المطوع | F6: 59.2 | G6: 80 | H6: 76 | J6: 148 | K6: =IF(J6="","",J6/250*100) -> 59.2 | L6: 57 | M6: =IF(L6="","",L6/50*100) -> 114 | N6: =IF(COUNT(R6:U6)=0,"",ROUND(AVERAGE(R6:U6),0)) | O6: =IF(N6="","",N6/142*100) | P6: =IF(COUNT(K6,M6,O6)=0,"",AVERAGE(K6,M6,O6)) -> 86.6 | Q6: =IF($A6="Class of 2022","",IFERROR(INDEX(CAT4_2022_2023!$F:$F,MATCH($B6,CAT4_2022_2023!$A:$A,0)),IFERROR(INDEX(CAT4_2021_2022!$F:$F,MATCH($B6,CAT4_2021_2022!$A:$A,0)),""))) | R6: =IF($A6="Class of 2022","",IFERROR(INDEX(CAT4_2022_2023!$G:$G,MATCH($B6,CAT4_2022_2023!$A:$A,0)),IFERROR(INDEX(CAT4_2021_2022!$G:$G,MATCH($B6,CAT4_2021_2022!$A:$A,0)),""))) | S6: =IF($A6="Class of 2022","",IFERROR(INDEX(CAT4_2022_2023!$H:$H,MATCH($B6,CAT4_2022_2023!$A:$A,0)),IFERROR(INDEX(CAT4_2021_2022!$H:$H,MATCH($B6,CAT4_2021_2022!$A:$A,0)),""))) | T6: =IF($A6="Class of 2022","",IFERROR(INDEX(CAT4_2022_2023!$I:$I,MATCH($B6,CAT4_2022_2023!$A:$A,0)),IFERROR(INDEX(CAT4_2021_2022!$I:$I,MATCH($B6,CAT4_2021_2022!$A:$A,0)),""))) | U6: =IF($A6="Class of 2022","",IFERROR(INDEX(CAT4_2022_2023!$J:$J,MATCH($B6,CAT4_2022_2023!$A:$A,0)),IFERROR(INDEX(CAT4_2021_2022!$J:$J,MATCH($B6,CAT4_2021_2022!$A:$A,0)),""))) | W6: 2022 admissions (name-matched to QID); outcomes
A7: Class of 2022 | B7: 30463402384 | C7: عبدالرحمن محمد سعد السليطى | F7: 67.2 | G7: 96 | H7: 54.666667 | J7: 168 | K7: =IF(J7="","",J7/250*100) -> 67.2 | L7: 41 | M7: =IF(L7="","",L7/50*100) -> 82 | N7: =IF(COUNT(R7:U7)=0,"",ROUND(AVERAGE(R7:U7),0)) | O7: =IF(N7="","",N7/142*100) | P7: =IF(COUNT(K7,M7,O7)=0,"",AVERAGE(K7,M7,O7)) -> 74.6 | Q7: =IF($A7="Class of 2022","",IFERROR(INDEX(CAT4_2022_2023!$F:$F,MATCH($B7,CAT4_2022_2023!$A:$A,0)),IFERROR(INDEX(CAT4_2021_2022!$F:$F,MATCH($B7,CAT4_2021_2022!$A:$A,0)),""))) | R7: =IF($A7="Class of 2022","",IFERROR(INDEX(CAT4_2022_2023!$G:$G,MATCH($B7,CAT4_2022_2023!$A:$A,0)),IFERROR(INDEX(CAT4_2021_2022!$G:$G,MATCH($B7,CAT4_2021_2022!$A:$A,0)),""))) | S7: =IF($A7="Class of 2022","",IFERROR(INDEX(CAT4_2022_2023!$H:$H,MATCH($B7,CAT4_2022_2023!$A:$A,0)),IFERROR(INDEX(CAT4_2021_2022!$H:$H,MATCH($B7,CAT4_2021_2022!$A:$A,0)),""))) | T7: =IF($A7="Class of 2022","",IFERROR(INDEX(CAT4_2022_2023!$I:$I,MATCH($B7,CAT4_2022_2023!$A:$A,0)),IFERROR(INDEX(CAT4_2021_2022!$I:$I,MATCH($B7,CAT4_2021_2022!$A:$A,0)),""))) | U7: =IF($A7="Class of 2022","",IFERROR(INDEX(CAT4_2022_2023!$J:$J,MATCH($B7,CAT4_2022_2023!$A:$A,0)),IFERROR(INDEX(CAT4_2021_2022!$J:$J,MATCH($B7,CAT4_2021_2022!$A:$A,0)),""))) | W7: 2022 admissions (name-matched to QID); outcomes
A8: Class of 2022 | B8: 30363404443 | C8: عبدالعزيز صلاح على الانشائى | F8: 58.4 | G8: 88 | H8: 62.666667 | J8: 146 | K8: =IF(J8="","",J8/250*100) -> 58.4 | L8: 47 | M8: =IF(L8="","",L8/50*100) -> 94 | N8: =IF(COUNT(R8:U8)=0,"",ROUND(AVERAGE(R8:U8),0)) | O8: =IF(N8="","",N8/142*100) | P8: =IF(COUNT(K8,M8,O8)=0,"",AVERAGE(K8,M8,O8)) -> 76.2 | Q8: =IF($A8="Class of 2022","",IFERROR(INDEX(CAT4_2022_2023!$F:$F,MATCH($B8,CAT4_2022_2023!$A:$A,0)),IFERROR(INDEX(CAT4_2021_2022!$F:$F,MATCH($B8,CAT4_2021_2022!$A:$A,0)),""))) | R8: =IF($A8="Class of 2022","",IFERROR(INDEX(CAT4_2022_2023!$G:$G,MATCH($B8,CAT4_2022_2023!$A:$A,0)),IFERROR(INDEX(CAT4_2021_2022!$G:$G,MATCH($B8,CAT4_2021_2022!$A:$A,0)),""))) | S8: =IF($A8="Class of 2022","",IFERROR(INDEX(CAT4_2022_2023!$H:$H,MATCH($B8,CAT4_2022_2023!$A:$A,0)),IFERROR(INDEX(CAT4_2021_2022!$H:$H,MATCH($B8,CAT4_2021_2022!$A:$A,0)),""))) | T8: =IF($A8="Class of 2022","",IFERROR(INDEX(CAT4_2022_2023!$I:$I,MATCH($B8,CAT4_2022_2023!$A:$A,0)),IFERROR(INDEX(CAT4_2021_2022!$I:$I,MATCH($B8,CAT4_2021_2022!$A:$A,0)),""))) | U8: =IF($A8="Class of 2022","",IFERROR(INDEX(CAT4_2022_2023!$J:$J,MATCH($B8,CAT4_2022_2023!$A:$A,0)),IFERROR(INDEX(CAT4_2021_2022!$J:$J,MATCH($B8,CAT4_2021_2022!$A:$A,0)),""))) | W8: 2022 admissions (name-matched to QID); outcomes
A9: Class of 2022 | B9: 30463404428 | C9: عبدالعزيز على يوسف التميمى | F9: 57.6 | G9: 88 | H9: 74.666667 | J9: 144 | K9: =IF(J9="","",J9/250*100) -> 57.6 | L9: 56 | M9: =IF(L9="","",L9/50*100) -> 112 | N9: =IF(COUNT(R9:U9)=0,"",ROUND(AVERAGE(R9:U9),0)) | O9: =IF(N9="","",N9/142*100) | P9: =IF(COUNT(K9,M9,O9)=0,"",AVERAGE(K9,M9,O9)) -> 84.8 | Q9: =IF($A9="Class of 2022","",IFERROR(INDEX(CAT4_2022_2023!$F:$F,MATCH($B9,CAT4_2022_2023!$A:$A,0)),IFERROR(INDEX(CAT4_2021_2022!$F:$F,MATCH($B9,CAT4_2021_2022!$A:$A,0)),""))) | R9: =IF($A9="Class of 2022","",IFERROR(INDEX(CAT4_2022_2023!$G:$G,MATCH($B9,CAT4_2022_2023!$A:$A,0)),IFERROR(INDEX(CAT4_2021_2022!$G:$G,MATCH($B9,CAT4_2021_2022!$A:$A,0)),""))) | S9: =IF($A9="Class of 2022","",IFERROR(INDEX(CAT4_2022_2023!$H:$H,MATCH($B9,CAT4_2022_2023!$A:$A,0)),IFERROR(INDEX(CAT4_2021_2022!$H:$H,MATCH($B9,CAT4_2021_2022!$A:$A,0)),""))) | T9: =IF($A9="Class of 2022","",IFERROR(INDEX(CAT4_2022_2023!$I:$I,MATCH($B9,CAT4_2022_2023!$A:$A,0)),IFERROR(INDEX(CAT4_2021_2022!$I:$I,MATCH($B9,CAT4_2021_2022!$A:$A,0)),""))) | U9: =IF($A9="Class of 2022","",IFERROR(INDEX(CAT4_2022_2023!$J:$J,MATCH($B9,CAT4_2022_2023!$A:$A,0)),IFERROR(INDEX(CAT4_2021_2022!$J:$J,MATCH($B9,CAT4_2021_2022!$A:$A,0)),""))) | W9: 2022 admissions (name-matched to QID); outcomes
A10: Class of 2022 | B10: 30463400925 | C10: عبدالله خالد احمد النصر | F10: 66 | G10: 96 | H10: 74.666667 | J10: 165 | K10: =IF(J10="","",J10/250*100) -> 66 | L10: 56 | M10: =IF(L10="","",L10/50*100) -> 112 | N10: =IF(COUNT(R10:U10)=0,"",ROUND(AVERAGE(R10:U10),0)) | O10: =IF(N10="","",N10/142*100) | P10: =IF(COUNT(K10,M10,O10)=0,"",AVERAGE(K10,M10,O10)) -> 89 | Q10: =IF($A10="Class of 2022","",IFERROR(INDEX(CAT4_2022_2023!$F:$F,MATCH($B10,CAT4_2022_2023!$A:$A,0)),IFERROR(INDEX(CAT4_2021_2022!$F:$F,MATCH($B10,CAT4_2021_2022!$A:$A,0)),""))) | R10: =IF($A10="Class of 2022","",IFERROR(INDEX(CAT4_2022_2023!$G:$G,MATCH($B10,CAT4_2022_2023!$A:$A,0)),IFERROR(INDEX(CAT4_2021_2022!$G:$G,MATCH($B10,CAT4_2021_2022!$A:$A,0)),""))) | S10: =IF($A10="Class of 2022","",IFERROR(INDEX(CAT4_2022_2023!$H:$H,MATCH($B10,CAT4_2022_2023!$A:$A,0)),IFERROR(INDEX(CAT4_2021_2022!$H:$H,MATCH($B10,CAT4_2021_2022!$A:$A,0)),""))) | T10: =IF($A10="Class of 2022","",IFERROR(INDEX(CAT4_2022_2023!$I:$I,MATCH($B10,CAT4_2022_2023!$A:$A,0)),IFERROR(INDEX(CAT4_2021_2022!$I:$I,MATCH($B10,CAT4_2021_2022!$A:$A,0)),""))) | U10: =IF($A10="Class of 2022","",IFERROR(INDEX(CAT4_2022_2023!$J:$J,MATCH($B10,CAT4_2022_2023!$A:$A,0)),IFERROR(INDEX(CAT4_2021_2022!$J:$J,MATCH($B10,CAT4_2021_2022!$A:$A,0)),""))) | W10: 2022 admissions (name-matched to QID); outcomes
A11: Class of 2022 | B11: 30463404499 | C11: عبدالله على راشد النجدى | G11: 96 | H11: 72 | K11: =IF(J11="","",J11/250*100) | L11: 54 | M11: =IF(L11="","",L11/50*100) -> 108 | N11: =IF(COUNT(R11:U11)=0,"",ROUND(AVERAGE(R11:U11),0)) | O11: =IF(N11="","",N11/142*100) | P11: =IF(COUNT(K11,M11,O11)=0,"",AVERAGE(K11,M11,O11)) -> 108 | Q11: =IF($A11="Class of 2022","",IFERROR(INDEX(CAT4_2022_2023!$F:$F,MATCH($B11,CAT4_2022_2023!$A:$A,0)),IFERROR(INDEX(CAT4_2021_2022!$F:$F,MATCH($B11,CAT4_2021_2022!$A:$A,0)),""))) | R11: =IF($A11="Class of 2022","",IFERROR(INDEX(CAT4_2022_2023!$G:$G,MATCH($B11,CAT4_2022_2023!$A:$A,0)),IFERROR(INDEX(CAT4_2021_2022!$G:$G,MATCH($B11,CAT4_2021_2022!$A:$A,0)),""))) | S11: =IF($A11="Class of 2022","",IFERROR(INDEX(CAT4_2022_2023!$H:$H,MATCH($B11,CAT4_2022_2023!$A:$A,0)),IFERROR(INDEX(CAT4_2021_2022!$H:$H,MATCH($B11,CAT4_2021_2022!$A:$A,0)),""))) | T11: =IF($A11="Class of 2022","",IFERROR(INDEX(CAT4_2022_2023!$I:$I,MATCH($B11,CAT4_2022_2023!$A:$A,0)),IFERROR(INDEX(CAT4_2021_2022!$I:$I,MATCH($B11,CAT4_2021_2022!$A:$A,0)),""))) | U11: =IF($A11="Class of 2022","",IFERROR(INDEX(CAT4_2022_2023!$J:$J,MATCH($B11,CAT4_2022_2023!$A:$A,0)),IFERROR(INDEX(CAT4_2021_2022!$J:$J,MATCH($B11,CAT4_2021_2022!$A:$A,0)),""))) | W11: 2022 admissions (name-matched to QID); outcomes
A12: Class of 2022 | B12: 30463404313 | C12: غانم عبدالله سالم المرى | F12: 62 | G12: 92 | H12: 60 | J12: 155 | K12: =IF(J12="","",J12/250*100) -> 62 | L12: 45 | M12: =IF(L12="","",L12/50*100) -> 90 | N12: =IF(COUNT(R12:U12)=0,"",ROUND(AVERAGE(R12:U12),0)) | O12: =IF(N12="","",N12/142*100) | P12: =IF(COUNT(K12,M12,O12)=0,"",AVERAGE(K12,M12,O12)) -> 76 | Q12: =IF($A12="Class of 2022","",IFERROR(INDEX(CAT4_2022_2023!$F:$F,MATCH($B12,CAT4_2022_2023!$A:$A,0)),IFERROR(INDEX(CAT4_2021_2022!$F:$F,MATCH($B12,CAT4_2021_2022!$A:$A,0)),""))) | R12: =IF($A12="Class of 2022","",IFERROR(INDEX(CAT4_2022_2023!$G:$G,MATCH($B12,CAT4_2022_2023!$A:$A,0)),IFERROR(INDEX(CAT4_2021_2022!$G:$G,MATCH($B12,CAT4_2021_2022!$A:$A,0)),""))) | S12: =IF($A12="Class of 2022","",IFERROR(INDEX(CAT4_2022_2023!$H:$H,MATCH($B12,CAT4_2022_2023!$A:$A,0)),IFERROR(INDEX(CAT4_2021_2022!$H:$H,MATCH($B12,CAT4_2021_2022!$A:$A,0)),""))) | T12: =IF($A12="Class of 2022","",IFERROR(INDEX(CAT4_2022_2023!$I:$I,MATCH($B12,CAT4_2022_2023!$A:$A,0)),IFERROR(INDEX(CAT4_2021_2022!$I:$I,MATCH($B12,CAT4_2021_2022!$A:$A,0)),""))) | U12: =IF($A12="Class of 2022","",IFERROR(INDEX(CAT4_2022_2023!$J:$J,MATCH($B12,CAT4_2022_2023!$A:$A,0)),IFERROR(INDEX(CAT4_2021_2022!$J:$J,MATCH($B12,CAT4_2021_2022!$A:$A,0)),""))) | W12: 2022 admissions (name-matched to QID); outcomes
A13: Class of 2022 | B13: 30463401470 | C13: ماجد عبدالله ماجد السويدى | F13: 43.6 | G13: 56 | H13: 74.666667 | J13: 109 | K13: =IF(J13="","",J13/250*100) -> 43.6 | L13: 56 | M13: =IF(L13="","",L13/50*100) -> 112 | N13: =IF(COUNT(R13:U13)=0,"",ROUND(AVERAGE(R13:U13),0)) | O13: =IF(N13="","",N13/142*100) | P13: =IF(COUNT(K13,M13,O13)=0,"",AVERAGE(K13,M13,O13)) -> 77.8 | Q13: =IF($A13="Class of 2022","",IFERROR(INDEX(CAT4_2022_2023!$F:$F,MATCH($B13,CAT4_2022_2023!$A:$A,0)),IFERROR(INDEX(CAT4_2021_2022!$F:$F,MATCH($B13,CAT4_2021_2022!$A:$A,0)),""))) | R13: =IF($A13="Class of 2022","",IFERROR(INDEX(CAT4_2022_2023!$G:$G,MATCH($B13,CAT4_2022_2023!$A:$A,0)),IFERROR(INDEX(CAT4_2021_2022!$G:$G,MATCH($B13,CAT4_2021_2022!$A:$A,0)),""))) | S13: =IF($A13="Class of 2022","",IFERROR(INDEX(CAT4_2022_2023!$H:$H,MATCH($B13,CAT4_2022_2023!$A:$A,0)),IFERROR(INDEX(CAT4_2021_2022!$H:$H,MATCH($B13,CAT4_2021_2022!$A:$A,0)),""))) | T13: =IF($A13="Class of 2022","",IFERROR(INDEX(CAT4_2022_2023!$I:$I,MATCH($B13,CAT4_2022_2023!$A:$A,0)),IFERROR(INDEX(CAT4_2021_2022!$I:$I,MATCH($B13,CAT4_2021_2022!$A:$A,0)),""))) | U13: =IF($A13="Class of 2022","",IFERROR(INDEX(CAT4_2022_2023!$J:$J,MATCH($B13,CAT4_2022_2023!$A:$A,0)),IFERROR(INDEX(CAT4_2021_2022!$J:$J,MATCH($B13,CAT4_2021_2022!$A:$A,0)),""))) | W13: 2022 admissions (name-matched to QID); outcomes
A14: Class of 2022 | B14: 30363404478 | C14: مبارك حسن سعد العبدالله | F14: 60.8 | G14: 88 | H14: 61.333333 | J14: 152 | K14: =IF(J14="","",J14/250*100) -> 60.8 | L14: 46 | M14: =IF(L14="","",L14/50*100) -> 92 | N14: =IF(COUNT(R14:U14)=0,"",ROUND(AVERAGE(R14:U14),0)) | O14: =IF(N14="","",N14/142*100) | P14: =IF(COUNT(K14,M14,O14)=0,"",AVERAGE(K14,M14,O14)) -> 76.4 | Q14: =IF($A14="Class of 2022","",IFERROR(INDEX(CAT4_2022_2023!$F:$F,MATCH($B14,CAT4_2022_2023!$A:$A,0)),IFERROR(INDEX(CAT4_2021_2022!$F:$F,MATCH($B14,CAT4_2021_2022!$A:$A,0)),""))) | R14: =IF($A14="Class of 2022","",IFERROR(INDEX(CAT4_2022_2023!$G:$G,MATCH($B14,CAT4_2022_2023!$A:$A,0)),IFERROR(INDEX(CAT4_2021_2022!$G:$G,MATCH($B14,CAT4_2021_2022!$A:$A,0)),""))) | S14: =IF($A14="Class of 2022","",IFERROR(INDEX(CAT4_2022_2023!$H:$H,MATCH($B14,CAT4_2022_2023!$A:$A,0)),IFERROR(INDEX(CAT4_2021_2022!$H:$H,MATCH($B14,CAT4_2021_2022!$A:$A,0)),""))) | T14: =IF($A14="Class of 2022","",IFERROR(INDEX(CAT4_2022_2023!$I:$I,MATCH($B14,CAT4_2022_2023!$A:$A,0)),IFERROR(INDEX(CAT4_2021_2022!$I:$I,MATCH($B14,CAT4_2021_2022!$A:$A,0)),""))) | U14: =IF($A14="Class of 2022","",IFERROR(INDEX(CAT4_2022_2023!$J:$J,MATCH($B14,CAT4_2022_2023!$A:$A,0)),IFERROR(INDEX(CAT4_2021_2022!$J:$J,MATCH($B14,CAT4_2021_2022!$A:$A,0)),""))) | W14: 2022 admissions (name-matched to QID); outcomes
A15: Class of 2022 | B15: 30563400552 | C15: محمد سعد محمد التميمى | F15: 61.2 | G15: 92 | H15: 62.666667 | J15: 153 | K15: =IF(J15="","",J15/250*100) -> 61.2 | L15: 47 | M15: =IF(L15="","",L15/50*100) -> 94 | N15: =IF(COUNT(R15:U15)=0,"",ROUND(AVERAGE(R15:U15),0)) | O15: =IF(N15="","",N15/142*100) | P15: =IF(COUNT(K15,M15,O15)=0,"",AVERAGE(K15,M15,O15)) -> 77.6 | Q15: =IF($A15="Class of 2022","",IFERROR(INDEX(CAT4_2022_2023!$F:$F,MATCH($B15,CAT4_2022_2023!$A:$A,0)),IFERROR(INDEX(CAT4_2021_2022!$F:$F,MATCH($B15,CAT4_2021_2022!$A:$A,0)),""))) | R15: =IF($A15="Class of 2022","",IFERROR(INDEX(CAT4_2022_2023!$G:$G,MATCH($B15,CAT4_2022_2023!$A:$A,0)),IFERROR(INDEX(CAT4_2021_2022!$G:$G,MATCH($B15,CAT4_2021_2022!$A:$A,0)),""))) | S15: =IF($A15="Class of 2022","",IFERROR(INDEX(CAT4_2022_2023!$H:$H,MATCH($B15,CAT4_2022_2023!$A:$A,0)),IFERROR(INDEX(CAT4_2021_2022!$H:$H,MATCH($B15,CAT4_2021_2022!$A:$A,0)),""))) | T15: =IF($A15="Class of 2022","",IFERROR(INDEX(CAT4_2022_2023!$I:$I,MATCH($B15,CAT4_2022_2023!$A:$A,0)),IFERROR(INDEX(CAT4_2021_2022!$I:$I,MATCH($B15,CAT4_2021_2022!$A:$A,0)),""))) | U15: =IF($A15="Class of 2022","",IFERROR(INDEX(CAT4_2022_2023!$J:$J,MATCH($B15,CAT4_2022_2023!$A:$A,0)),IFERROR(INDEX(CAT4_2021_2022!$J:$J,MATCH($B15,CAT4_2021_2022!$A:$A,0)),""))) | W15: 2022 admissions (name-matched to QID); outcomes
A16: Class of 2022 | B16: 30563403982 | C16: ناصر عيسى على الانصارى | F16: 56.8 | G16: 100 | H16: 53.333333 | J16: 142 | K16: =IF(J16="","",J16/250*100) -> 56.8 | L16: 40 | M16: =IF(L16="","",L16/50*100) -> 80 | N16: =IF(COUNT(R16:U16)=0,"",ROUND(AVERAGE(R16:U16),0)) | O16: =IF(N16="","",N16/142*100) | P16: =IF(COUNT(K16,M16,O16)=0,"",AVERAGE(K16,M16,O16)) -> 68.4 | Q16: =IF($A16="Class of 2022","",IFERROR(INDEX(CAT4_2022_2023!$F:$F,MATCH($B16,CAT4_2022_2023!$A:$A,0)),IFERROR(INDEX(CAT4_2021_2022!$F:$F,MATCH($B16,CAT4_2021_2022!$A:$A,0)),""))) | R16: =IF($A16="Class of 2022","",IFERROR(INDEX(CAT4_2022_2023!$G:$G,MATCH($B16,CAT4_2022_2023!$A:$A,0)),IFERROR(INDEX(CAT4_2021_2022!$G:$G,MATCH($B16,CAT4_2021_2022!$A:$A,0)),""))) | S16: =IF($A16="Class of 2022","",IFERROR(INDEX(CAT4_2022_2023!$H:$H,MATCH($B16,CAT4_2022_2023!$A:$A,0)),IFERROR(INDEX(CAT4_2021_2022!$H:$H,MATCH($B16,CAT4_2021_2022!$A:$A,0)),""))) | T16: =IF($A16="Class of 2022","",IFERROR(INDEX(CAT4_2022_2023!$I:$I,MATCH($B16,CAT4_2022_2023!$A:$A,0)),IFERROR(INDEX(CAT4_2021_2022!$I:$I,MATCH($B16,CAT4_2021_2022!$A:$A,0)),""))) | U16: =IF($A16="Class of 2022","",IFERROR(INDEX(CAT4_2022_2023!$J:$J,MATCH($B16,CAT4_2022_2023!$A:$A,0)),IFERROR(INDEX(CAT4_2021_2022!$J:$J,MATCH($B16,CAT4_2021_2022!$A:$A,0)),""))) | W16: 2022 admissions (name-matched to QID); outcomes
A17: Class of 2022 | B17: 30463400939 | C17: احمد خالد احمد الزمان | F17: 60.4 | G17: 84 | H17: 62.666667 | J17: 151 | K17: =IF(J17="","",J17/250*100) -> 60.4 | L17: 47 | M17: =IF(L17="","",L17/50*100) -> 94 | N17: =IF(COUNT(R17:U17)=0,"",ROUND(AVERAGE(R17:U17),0)) | O17: =IF(N17="","",N17/142*100) | P17: =IF(COUNT(K17,M17,O17)=0,"",AVERAGE(K17,M17,O17)) -> 77.2 | Q17: =IF($A17="Class of 2022","",IFERROR(INDEX(CAT4_2022_2023!$F:$F,MATCH($B17,CAT4_2022_2023!$A:$A,0)),IFERROR(INDEX(CAT4_2021_2022!$F:$F,MATCH($B17,CAT4_2021_2022!$A:$A,0)),""))) | R17: =IF($A17="Class of 2022","",IFERROR(INDEX(CAT4_2022_2023!$G:$G,MATCH($B17,CAT4_2022_2023!$A:$A,0)),IFERROR(INDEX(CAT4_2021_2022!$G:$G,MATCH($B17,CAT4_2021_2022!$A:$A,0)),""))) | S17: =IF($A17="Class of 2022","",IFERROR(INDEX(CAT4_2022_2023!$H:$H,MATCH($B17,CAT4_2022_2023!$A:$A,0)),IFERROR(INDEX(CAT4_2021_2022!$H:$H,MATCH($B17,CAT4_2021_2022!$A:$A,0)),""))) | T17: =IF($A17="Class of 2022","",IFERROR(INDEX(CAT4_2022_2023!$I:$I,MATCH($B17,CAT4_2022_2023!$A:$A,0)),IFERROR(INDEX(CAT4_2021_2022!$I:$I,MATCH($B17,CAT4_2021_2022!$A:$A,0)),""))) | U17: =IF($A17="Class of 2022","",IFERROR(INDEX(CAT4_2022_2023!$J:$J,MATCH($B17,CAT4_2022_2023!$A:$A,0)),IFERROR(INDEX(CAT4_2021_2022!$J:$J,MATCH($B17,CAT4_2021_2022!$A:$A,0)),""))) | W17: 2022 admissions (name-matched to QID); outcomes
A18: Class of 2022 | B18: 30463400595 | C18: جاسم سلطان بخيت المسلم | F18: 40.4 | G18: 68 | H18: 53.333333 | J18: 101 | K18: =IF(J18="","",J18/250*100) -> 40.4 | L18: 40 | M18: =IF(L18="","",L18/50*100) -> 80 | N18: =IF(COUNT(R18:U18)=0,"",ROUND(AVERAGE(R18:U18),0)) | O18: =IF(N18="","",N18/142*100) | P18: =IF(COUNT(K18,M18,O18)=0,"",AVERAGE(K18,M18,O18)) -> 60.2 | Q18: =IF($A18="Class of 2022","",IFERROR(INDEX(CAT4_2022_2023!$F:$F,MATCH($B18,CAT4_2022_2023!$A:$A,0)),IFERROR(INDEX(CAT4_2021_2022!$F:$F,MATCH($B18,CAT4_2021_2022!$A:$A,0)),""))) | R18: =IF($A18="Class of 2022","",IFERROR(INDEX(CAT4_2022_2023!$G:$G,MATCH($B18,CAT4_2022_2023!$A:$A,0)),IFERROR(INDEX(CAT4_2021_2022!$G:$G,MATCH($B18,CAT4_2021_2022!$A:$A,0)),""))) | S18: =IF($A18="Class of 2022","",IFERROR(INDEX(CAT4_2022_2023!$H:$H,MATCH($B18,CAT4_2022_2023!$A:$A,0)),IFERROR(INDEX(CAT4_2021_2022!$H:$H,MATCH($B18,CAT4_2021_2022!$A:$A,0)),""))) | T18: =IF($A18="Class of 2022","",IFERROR(INDEX(CAT4_2022_2023!$I:$I,MATCH($B18,CAT4_2022_2023!$A:$A,0)),IFERROR(INDEX(CAT4_2021_2022!$I:$I,MATCH($B18,CAT4_2021_2022!$A:$A,0)),""))) | U18: =IF($A18="Class of 2022","",IFERROR(INDEX(CAT4_2022_2023!$J:$J,MATCH($B18,CAT4_2022_2023!$A:$A,0)),IFERROR(INDEX(CAT4_2021_2022!$J:$J,MATCH($B18,CAT4_2021_2022!$A:$A,0)),""))) | W18: 2022 admissions (name-matched to QID); outcomes
A19: Class of 2022 | B19: 30463402763 | C19: جاسم محمد ابراهيم عبدالله | F19: 63.2 | G19: 96 | H19: 57.333333 | J19: 158 | K19: =IF(J19="","",J19/250*100) -> 63.2 | L19: 43 | M19: =IF(L19="","",L19/50*100) -> 86 | N19: =IF(COUNT(R19:U19)=0,"",ROUND(AVERAGE(R19:U19),0)) | O19: =IF(N19="","",N19/142*100) | P19: =IF(COUNT(K19,M19,O19)=0,"",AVERAGE(K19,M19,O19)) -> 74.6 | Q19: =IF($A19="Class of 2022","",IFERROR(INDEX(CAT4_2022_2023!$F:$F,MATCH($B19,CAT4_2022_2023!$A:$A,0)),IFERROR(INDEX(CAT4_2021_2022!$F:$F,MATCH($B19,CAT4_2021_2022!$A:$A,0)),""))) | R19: =IF($A19="Class of 2022","",IFERROR(INDEX(CAT4_2022_2023!$G:$G,MATCH($B19,CAT4_2022_2023!$A:$A,0)),IFERROR(INDEX(CAT4_2021_2022!$G:$G,MATCH($B19,CAT4_2021_2022!$A:$A,0)),""))) | S19: =IF($A19="Class of 2022","",IFERROR(INDEX(CAT4_2022_2023!$H:$H,MATCH($B19,CAT4_2022_2023!$A:$A,0)),IFERROR(INDEX(CAT4_2021_2022!$H:$H,MATCH($B19,CAT4_2021_2022!$A:$A,0)),""))) | T19: =IF($A19="Class of 2022","",IFERROR(INDEX(CAT4_2022_2023!$I:$I,MATCH($B19,CAT4_2022_2023!$A:$A,0)),IFERROR(INDEX(CAT4_2021_2022!$I:$I,MATCH($B19,CAT4_2021_2022!$A:$A,0)),""))) | U19: =IF($A19="Class of 2022","",IFERROR(INDEX(CAT4_2022_2023!$J:$J,MATCH($B19,CAT4_2022_2023!$A:$A,0)),IFERROR(INDEX(CAT4_2021_2022!$J:$J,MATCH($B19,CAT4_2021_2022!$A:$A,0)),""))) | W19: 2022 admissions (name-matched to QID); outcomes
A20: Class of 2022 | B20: 30463403471 | C20: راشد سالم راشد العذبه | F20: 46.4 | G20: 72 | H20: 77.333333 | J20: 116 | K20: =IF(J20="","",J20/250*100) -> 46.4 | L20: 58 | M20: =IF(L20="","",L20/50*100) -> 116 | N20: =IF(COUNT(R20:U20)=0,"",ROUND(AVERAGE(R20:U20),0)) | O20: =IF(N20="","",N20/142*100) | P20: =IF(COUNT(K20,M20,O20)=0,"",AVERAGE(K20,M20,O20)) -> 81.2 | Q20: =IF($A20="Class of 2022","",IFERROR(INDEX(CAT4_2022_2023!$F:$F,MATCH($B20,CAT4_2022_2023!$A:$A,0)),IFERROR(INDEX(CAT4_2021_2022!$F:$F,MATCH($B20,CAT4_2021_2022!$A:$A,0)),""))) | R20: =IF($A20="Class of 2022","",IFERROR(INDEX(CAT4_2022_2023!$G:$G,MATCH($B20,CAT4_2022_2023!$A:$A,0)),IFERROR(INDEX(CAT4_2021_2022!$G:$G,MATCH($B20,CAT4_2021_2022!$A:$A,0)),""))) | S20: =IF($A20="Class of 2022","",IFERROR(INDEX(CAT4_2022_2023!$H:$H,MATCH($B20,CAT4_2022_2023!$A:$A,0)),IFERROR(INDEX(CAT4_2021_2022!$H:$H,MATCH($B20,CAT4_2021_2022!$A:$A,0)),""))) | T20: =IF($A20="Class of 2022","",IFERROR(INDEX(CAT4_2022_2023!$I:$I,MATCH($B20,CAT4_2022_2023!$A:$A,0)),IFERROR(INDEX(CAT4_2021_2022!$I:$I,MATCH($B20,CAT4_2021_2022!$A:$A,0)),""))) | U20: =IF($A20="Class of 2022","",IFERROR(INDEX(CAT4_2022_2023!$J:$J,MATCH($B20,CAT4_2022_2023!$A:$A,0)),IFERROR(INDEX(CAT4_2021_2022!$J:$J,MATCH($B20,CAT4_2021_2022!$A:$A,0)),""))) | W20: 2022 admissions (name-matched to QID); outcomes
A21: Class of 2022 | B21: 30563400167 | C21: سعيد راشد مهنا الدوسرى | F21: 60.8 | G21: 88 | H21: 61.333333 | J21: 152 | K21: =IF(J21="","",J21/250*100) -> 60.8 | L21: 46 | M21: =IF(L21="","",L21/50*100) -> 92 | N21: =IF(COUNT(R21:U21)=0,"",ROUND(AVERAGE(R21:U21),0)) | O21: =IF(N21="","",N21/142*100) | P21: =IF(COUNT(K21,M21,O21)=0,"",AVERAGE(K21,M21,O21)) -> 76.4 | Q21: =IF($A21="Class of 2022","",IFERROR(INDEX(CAT4_2022_2023!$F:$F,MATCH($B21,CAT4_2022_2023!$A:$A,0)),IFERROR(INDEX(CAT4_2021_2022!$F:$F,MATCH($B21,CAT4_2021_2022!$A:$A,0)),""))) | R21: =IF($A21="Class of 2022","",IFERROR(INDEX(CAT4_2022_2023!$G:$G,MATCH($B21,CAT4_2022_2023!$A:$A,0)),IFERROR(INDEX(CAT4_2021_2022!$G:$G,MATCH($B21,CAT4_2021_2022!$A:$A,0)),""))) | S21: =IF($A21="Class of 2022","",IFERROR(INDEX(CAT4_2022_2023!$H:$H,MATCH($B21,CAT4_2022_2023!$A:$A,0)),IFERROR(INDEX(CAT4_2021_2022!$H:$H,MATCH($B21,CAT4_2021_2022!$A:$A,0)),""))) | T21: =IF($A21="Class of 2022","",IFERROR(INDEX(CAT4_2022_2023!$I:$I,MATCH($B21,CAT4_2022_2023!$A:$A,0)),IFERROR(INDEX(CAT4_2021_2022!$I:$I,MATCH($B21,CAT4_2021_2022!$A:$A,0)),""))) | U21: =IF($A21="Class of 2022","",IFERROR(INDEX(CAT4_2022_2023!$J:$J,MATCH($B21,CAT4_2022_2023!$A:$A,0)),IFERROR(INDEX(CAT4_2021_2022!$J:$J,MATCH($B21,CAT4_2021_2022!$A:$A,0)),""))) | W21: 2022 admissions (name-matched to QID); outcomes
A22: Class of 2022 | B22: 30463403644 | C22: عبدالله حمد محمد المرى | F22: 47.2 | G22: 72 | H22: 80 | J22: 118 | K22: =IF(J22="","",J22/250*100) -> 47.2 | L22: 60 | M22: =IF(L22="","",L22/50*100) -> 120 | N22: =IF(COUNT(R22:U22)=0,"",ROUND(AVERAGE(R22:U22),0)) | O22: =IF(N22="","",N22/142*100) | P22: =IF(COUNT(K22,M22,O22)=0,"",AVERAGE(K22,M22,O22)) -> 83.6 | Q22: =IF($A22="Class of 2022","",IFERROR(INDEX(CAT4_2022_2023!$F:$F,MATCH($B22,CAT4_2022_2023!$A:$A,0)),IFERROR(INDEX(CAT4_2021_2022!$F:$F,MATCH($B22,CAT4_2021_2022!$A:$A,0)),""))) | R22: =IF($A22="Class of 2022","",IFERROR(INDEX(CAT4_2022_2023!$G:$G,MATCH($B22,CAT4_2022_2023!$A:$A,0)),IFERROR(INDEX(CAT4_2021_2022!$G:$G,MATCH($B22,CAT4_2021_2022!$A:$A,0)),""))) | S22: =IF($A22="Class of 2022","",IFERROR(INDEX(CAT4_2022_2023!$H:$H,MATCH($B22,CAT4_2022_2023!$A:$A,0)),IFERROR(INDEX(CAT4_2021_2022!$H:$H,MATCH($B22,CAT4_2021_2022!$A:$A,0)),""))) | T22: =IF($A22="Class of 2022","",IFERROR(INDEX(CAT4_2022_2023!$I:$I,MATCH($B22,CAT4_2022_2023!$A:$A,0)),IFERROR(INDEX(CAT4_2021_2022!$I:$I,MATCH($B22,CAT4_2021_2022!$A:$A,0)),""))) | U22: =IF($A22="Class of 2022","",IFERROR(INDEX(CAT4_2022_2023!$J:$J,MATCH($B22,CAT4_2022_2023!$A:$A,0)),IFERROR(INDEX(CAT4_2021_2022!$J:$J,MATCH($B22,CAT4_2021_2022!$A:$A,0)),""))) | W22: 2022 admissions (name-matched to QID); outcomes
A23: Class of 2022 | B23: 30463404494 | C23: عبدالله عبدالعزيز عبدالله محمود | F23: 49.2 | G23: 72 | H23: 52 | J23: 123 | K23: =IF(J23="","",J23/250*100) -> 49.2 | L23: 39 | M23: =IF(L23="","",L23/50*100) -> 78 | N23: =IF(COUNT(R23:U23)=0,"",ROUND(AVERAGE(R23:U23),0)) | O23: =IF(N23="","",N23/142*100) | P23: =IF(COUNT(K23,M23,O23)=0,"",AVERAGE(K23,M23,O23)) -> 63.6 | Q23: =IF($A23="Class of 2022","",IFERROR(INDEX(CAT4_2022_2023!$F:$F,MATCH($B23,CAT4_2022_2023!$A:$A,0)),IFERROR(INDEX(CAT4_2021_2022!$F:$F,MATCH($B23,CAT4_2021_2022!$A:$A,0)),""))) | R23: =IF($A23="Class of 2022","",IFERROR(INDEX(CAT4_2022_2023!$G:$G,MATCH($B23,CAT4_2022_2023!$A:$A,0)),IFERROR(INDEX(CAT4_2021_2022!$G:$G,MATCH($B23,CAT4_2021_2022!$A:$A,0)),""))) | S23: =IF($A23="Class of 2022","",IFERROR(INDEX(CAT4_2022_2023!$H:$H,MATCH($B23,CAT4_2022_2023!$A:$A,0)),IFERROR(INDEX(CAT4_2021_2022!$H:$H,MATCH($B23,CAT4_2021_2022!$A:$A,0)),""))) | T23: =IF($A23="Class of 2022","",IFERROR(INDEX(CAT4_2022_2023!$I:$I,MATCH($B23,CAT4_2022_2023!$A:$A,0)),IFERROR(INDEX(CAT4_2021_2022!$I:$I,MATCH($B23,CAT4_2021_2022!$A:$A,0)),""))) | U23: =IF($A23="Class of 2022","",IFERROR(INDEX(CAT4_2022_2023!$J:$J,MATCH($B23,CAT4_2022_2023!$A:$A,0)),IFERROR(INDEX(CAT4_2021_2022!$J:$J,MATCH($B23,CAT4_2021_2022!$A:$A,0)),""))) | W23: 2022 admissions (name-matched to QID); outcomes
... A28: Class of 2022 | B28: 30463404794 | C28: حمد عبدالعزيز محمد الحر | F28: 45.6 | G28: 76 | H28: 90.666667 | J28: 114 | K28: =IF(J28="","",J28/250*100) -> 45.6 | L28: 68 | M28: =IF(L28="","",L28/50*100) -> 136 | N28: =IF(COUNT(R28:U28)=0,"",ROUND(AVERAGE(R28:U28),0)) | O28: =IF(N28="","",N28/142*100) | P28: =IF(COUNT(K28,M28,O28)=0,"",AVERAGE(K28,M28,O28)) -> 90.8 | Q28: =IF($A28="Class of 2022","",IFERROR(INDEX(CAT4_2022_2023!$F:$F,MATCH($B28,CAT4_2022_2023!$A:$A,0)),IFERROR(INDEX(CAT4_2021_2022!$F:$F,MATCH($B28,CAT4_2021_2022!$A:$A,0)),""))) | R28: =IF($A28="Class of 2022","",IFERROR(INDEX(CAT4_2022_2023!$G:$G,MATCH($B28,CAT4_2022_2023!$A:$A,0)),IFERROR(INDEX(CAT4_2021_2022!$G:$G,MATCH($B28,CAT4_2021_2022!$A:$A,0)),""))) | S28: =IF($A28="Class of 2022","",IFERROR(INDEX(CAT4_2022_2023!$H:$H,MATCH($B28,CAT4_2022_2023!$A:$A,0)),IFERROR(INDEX(CAT4_2021_2022!$H:$H,MATCH($B28,CAT4_2021_2022!$A:$A,0)),""))) | T28: =IF($A28="Class of 2022","",IFERROR(INDEX(CAT4_2022_2023!$I:$I,MATCH($B28,CAT4_2022_2023!$A:$A,0)),IFERROR(INDEX(CAT4_2021_2022!$I:$I,MATCH($B28,CAT4_2021_2022!$A:$A,0)),""))) | U28: =IF($A28="Class of 2022","",IFERROR(INDEX(CAT4_2022_2023!$J:$J,MATCH($B28,CAT4_2022_2023!$A:$A,0)),IFERROR(INDEX(CAT4_2021_2022!$J:$J,MATCH($B28,CAT4_2021_2022!$A:$A,0)),""))) | W28: 2022 admissions (name-matched to QID); outcomes
A29: Class of 2022 | B29: 30563402354 | C29: خالد على حسين النعمه | G29: 88 | H29: 66.666667 | K29: =IF(J29="","",J29/250*100) | L29: 50 | M29: =IF(L29="","",L29/50*100) -> 100 | N29: =IF(COUNT(R29:U29)=0,"",ROUND(AVERAGE(R29:U29),0)) | O29: =IF(N29="","",N29/142*100) | P29: =IF(COUNT(K29,M29,O29)=0,"",AVERAGE(K29,M29,O29)) -> 100 | Q29: =IF($A29="Class of 2022","",IFERROR(INDEX(CAT4_2022_2023!$F:$F,MATCH($B29,CAT4_2022_2023!$A:$A,0)),IFERROR(INDEX(CAT4_2021_2022!$F:$F,MATCH($B29,CAT4_2021_2022!$A:$A,0)),""))) | R29: =IF($A29="Class of 2022","",IFERROR(INDEX(CAT4_2022_2023!$G:$G,MATCH($B29,CAT4_2022_2023!$A:$A,0)),IFERROR(INDEX(CAT4_2021_2022!$G:$G,MATCH($B29,CAT4_2021_2022!$A:$A,0)),""))) | S29: =IF($A29="Class of 2022","",IFERROR(INDEX(CAT4_2022_2023!$H:$H,MATCH($B29,CAT4_2022_2023!$A:$A,0)),IFERROR(INDEX(CAT4_2021_2022!$H:$H,MATCH($B29,CAT4_2021_2022!$A:$A,0)),""))) | T29: =IF($A29="Class of 2022","",IFERROR(INDEX(CAT4_2022_2023!$I:$I,MATCH($B29,CAT4_2022_2023!$A:$A,0)),IFERROR(INDEX(CAT4_2021_2022!$I:$I,MATCH($B29,CAT4_2021_2022!$A:$A,0)),""))) | U29: =IF($A29="Class of 2022","",IFERROR(INDEX(CAT4_2022_2023!$J:$J,MATCH($B29,CAT4_2022_2023!$A:$A,0)),IFERROR(INDEX(CAT4_2021_2022!$J:$J,MATCH($B29,CAT4_2021_2022!$A:$A,0)),""))) | W29: 2022 admissions (name-matched to QID); outcomes
A30: Class of 2022 | B30: 30463405363 | C30: سلطان ناصر على البدر | F30: 48 | G30: 100 | H30: 77.333333 | J30: 120 | K30: =IF(J30="","",J30/250*100) -> 48 | L30: 58 | M30: =IF(L30="","",L30/50*100) -> 116 | N30: =IF(COUNT(R30:U30)=0,"",ROUND(AVERAGE(R30:U30),0)) | O30: =IF(N30="","",N30/142*100) | P30: =IF(COUNT(K30,M30,O30)=0,"",AVERAGE(K30,M30,O30)) -> 82 | Q30: =IF($A30="Class of 2022","",IFERROR(INDEX(CAT4_2022_2023!$F:$F,MATCH($B30,CAT4_2022_2023!$A:$A,0)),IFERROR(INDEX(CAT4_2021_2022!$F:$F,MATCH($B30,CAT4_2021_2022!$A:$A,0)),""))) | R30: =IF($A30="Class of 2022","",IFERROR(INDEX(CAT4_2022_2023!$G:$G,MATCH($B30,CAT4_2022_2023!$A:$A,0)),IFERROR(INDEX(CAT4_2021_2022!$G:$G,MATCH($B30,CAT4_2021_2022!$A:$A,0)),""))) | S30: =IF($A30="Class of 2022","",IFERROR(INDEX(CAT4_2022_2023!$H:$H,MATCH($B30,CAT4_2022_2023!$A:$A,0)),IFERROR(INDEX(CAT4_2021_2022!$H:$H,MATCH($B30,CAT4_2021_2022!$A:$A,0)),""))) | T30: =IF($A30="Class of 2022","",IFERROR(INDEX(CAT4_2022_2023!$I:$I,MATCH($B30,CAT4_2022_2023!$A:$A,0)),IFERROR(INDEX(CAT4_2021_2022!$I:$I,MATCH($B30,CAT4_2021_2022!$A:$A,0)),""))) | U30: =IF($A30="Class of 2022","",IFERROR(INDEX(CAT4_2022_2023!$J:$J,MATCH($B30,CAT4_2022_2023!$A:$A,0)),IFERROR(INDEX(CAT4_2021_2022!$J:$J,MATCH($B30,CAT4_2021_2022!$A:$A,0)),""))) | W30: 2022 admissions (name-matched to QID); outcomes
A31: Class of 2022 | B31: 30463402304 | C31: عبدالعزيز مرشد عبدالعزيز المهندى | F31: 71.6 | G31: 92 | H31: 81.333333 | J31: 179 | K31: =IF(J31="","",J31/250*100) -> 71.6 | L31: 61 | M31: =IF(L31="","",L31/50*100) -> 122 | N31: =IF(COUNT(R31:U31)=0,"",ROUND(AVERAGE(R31:U31),0)) | O31: =IF(N31="","",N31/142*100) | P31: =IF(COUNT(K31,M31,O31)=0,"",AVERAGE(K31,M31,O31)) -> 96.8 | Q31: =IF($A31="Class of 2022","",IFERROR(INDEX(CAT4_2022_2023!$F:$F,MATCH($B31,CAT4_2022_2023!$A:$A,0)),IFERROR(INDEX(CAT4_2021_2022!$F:$F,MATCH($B31,CAT4_2021_2022!$A:$A,0)),""))) | R31: =IF($A31="Class of 2022","",IFERROR(INDEX(CAT4_2022_2023!$G:$G,MATCH($B31,CAT4_2022_2023!$A:$A,0)),IFERROR(INDEX(CAT4_2021_2022!$G:$G,MATCH($B31,CAT4_2021_2022!$A:$A,0)),""))) | S31: =IF($A31="Class of 2022","",IFERROR(INDEX(CAT4_2022_2023!$H:$H,MATCH($B31,CAT4_2022_2023!$A:$A,0)),IFERROR(INDEX(CAT4_2021_2022!$H:$H,MATCH($B31,CAT4_2021_2022!$A:$A,0)),""))) | T31: =IF($A31="Class of 2022","",IFERROR(INDEX(CAT4_2022_2023!$I:$I,MATCH($B31,CAT4_2022_2023!$A:$A,0)),IFERROR(INDEX(CAT4_2021_2022!$I:$I,MATCH($B31,CAT4_2021_2022!$A:$A,0)),""))) | U31: =IF($A31="Class of 2022","",IFERROR(INDEX(CAT4_2022_2023!$J:$J,MATCH($B31,CAT4_2022_2023!$A:$A,0)),IFERROR(INDEX(CAT4_2021_2022!$J:$J,MATCH($B31,CAT4_2021_2022!$A:$A,0)),""))) | W31: 2022 admissions (name-matched to QID); outcomes
A32: Class of 2022 | B32: 30463406004 | C32: عبدالله حسن مهدى الحداد | F32: 42.4 | G32: 76 | H32: 56 | J32: 106 | K32: =IF(J32="","",J32/250*100) -> 42.4 | L32: 42 | M32: =IF(L32="","",L32/50*100) -> 84 | N32: =IF(COUNT(R32:U32)=0,"",ROUND(AVERAGE(R32:U32),0)) | O32: =IF(N32="","",N32/142*100) | P32: =IF(COUNT(K32,M32,O32)=0,"",AVERAGE(K32,M32,O32)) -> 63.2 | Q32: =IF($A32="Class of 2022","",IFERROR(INDEX(CAT4_2022_2023!$F:$F,MATCH($B32,CAT4_2022_2023!$A:$A,0)),IFERROR(INDEX(CAT4_2021_2022!$F:$F,MATCH($B32,CAT4_2021_2022!$A:$A,0)),""))) | R32: =IF($A32="Class of 2022","",IFERROR(INDEX(CAT4_2022_2023!$G:$G,MATCH($B32,CAT4_2022_2023!$A:$A,0)),IFERROR(INDEX(CAT4_2021_2022!$G:$G,MATCH($B32,CAT4_2021_2022!$A:$A,0)),""))) | S32: =IF($A32="Class of 2022","",IFERROR(INDEX(CAT4_2022_2023!$H:$H,MATCH($B32,CAT4_2022_2023!$A:$A,0)),IFERROR(INDEX(CAT4_2021_2022!$H:$H,MATCH($B32,CAT4_2021_2022!$A:$A,0)),""))) | T32: =IF($A32="Class of 2022","",IFERROR(INDEX(CAT4_2022_2023!$I:$I,MATCH($B32,CAT4_2022_2023!$A:$A,0)),IFERROR(INDEX(CAT4_2021_2022!$I:$I,MATCH($B32,CAT4_2021_2022!$A:$A,0)),""))) | U32: =IF($A32="Class of 2022","",IFERROR(INDEX(CAT4_2022_2023!$J:$J,MATCH($B32,CAT4_2022_2023!$A:$A,0)),IFERROR(INDEX(CAT4_2021_2022!$J:$J,MATCH($B32,CAT4_2021_2022!$A:$A,0)),""))) | W32: 2022 admissions (name-matched to QID); outcomes
A33: Class of 2022 | B33: 30463402327 | C33: عبدالله عبدالرحمن يوسف محمود | F33: 66.4 | G33: 96 | H33: 72 | J33: 166 | K33: =IF(J33="","",J33/250*100) -> 66.4 | L33: 54 | M33: =IF(L33="","",L33/50*100) -> 108 | N33: =IF(COUNT(R33:U33)=0,"",ROUND(AVERAGE(R33:U33),0)) | O33: =IF(N33="","",N33/142*100) | P33: =IF(COUNT(K33,M33,O33)=0,"",AVERAGE(K33,M33,O33)) -> 87.2 | Q33: =IF($A33="Class of 2022","",IFERROR(INDEX(CAT4_2022_2023!$F:$F,MATCH($B33,CAT4_2022_2023!$A:$A,0)),IFERROR(INDEX(CAT4_2021_2022!$F:$F,MATCH($B33,CAT4_2021_2022!$A:$A,0)),""))) | R33: =IF($A33="Class of 2022","",IFERROR(INDEX(CAT4_2022_2023!$G:$G,MATCH($B33,CAT4_2022_2023!$A:$A,0)),IFERROR(INDEX(CAT4_2021_2022!$G:$G,MATCH($B33,CAT4_2021_2022!$A:$A,0)),""))) | S33: =IF($A33="Class of 2022","",IFERROR(INDEX(CAT4_2022_2023!$H:$H,MATCH($B33,CAT4_2022_2023!$A:$A,0)),IFERROR(INDEX(CAT4_2021_2022!$H:$H,MATCH($B33,CAT4_2021_2022!$A:$A,0)),""))) | T33: =IF($A33="Class of 2022","",IFERROR(INDEX(CAT4_2022_2023!$I:$I,MATCH($B33,CAT4_2022_2023!$A:$A,0)),IFERROR(INDEX(CAT4_2021_2022!$I:$I,MATCH($B33,CAT4_2021_2022!$A:$A,0)),""))) | U33: =IF($A33="Class of 2022","",IFERROR(INDEX(CAT4_2022_2023!$J:$J,MATCH($B33,CAT4_2022_2023!$A:$A,0)),IFERROR(INDEX(CAT4_2021_2022!$J:$J,MATCH($B33,CAT4_2021_2022!$A:$A,0)),""))) | W33: 2022 admissions (name-matched to QID); outcomes
A34: Class of 2022 | B34: 30463400255 | C34: عبدالله عبدالرحيم ابراهيم الجناحي | F34: 57.6 | G34: 92 | H34: 78.666667 | J34: 144 | K34: =IF(J34="","",J34/250*100) -> 57.6 | L34: 59 | M34: =IF(L34="","",L34/50*100) -> 118 | N34: =IF(COUNT(R34:U34)=0,"",ROUND(AVERAGE(R34:U34),0)) | O34: =IF(N34="","",N34/142*100) | P34: =IF(COUNT(K34,M34,O34)=0,"",AVERAGE(K34,M34,O34)) -> 87.8 | Q34: =IF($A34="Class of 2022","",IFERROR(INDEX(CAT4_2022_2023!$F:$F,MATCH($B34,CAT4_2022_2023!$A:$A,0)),IFERROR(INDEX(CAT4_2021_2022!$F:$F,MATCH($B34,CAT4_2021_2022!$A:$A,0)),""))) | R34: =IF($A34="Class of 2022","",IFERROR(INDEX(CAT4_2022_2023!$G:$G,MATCH($B34,CAT4_2022_2023!$A:$A,0)),IFERROR(INDEX(CAT4_2021_2022!$G:$G,MATCH($B34,CAT4_2021_2022!$A:$A,0)),""))) | S34: =IF($A34="Class of 2022","",IFERROR(INDEX(CAT4_2022_2023!$H:$H,MATCH($B34,CAT4_2022_2023!$A:$A,0)),IFERROR(INDEX(CAT4_2021_2022!$H:$H,MATCH($B34,CAT4_2021_2022!$A:$A,0)),""))) | T34: =IF($A34="Class of 2022","",IFERROR(INDEX(CAT4_2022_2023!$I:$I,MATCH($B34,CAT4_2022_2023!$A:$A,0)),IFERROR(INDEX(CAT4_2021_2022!$I:$I,MATCH($B34,CAT4_2021_2022!$A:$A,0)),""))) | U34: =IF($A34="Class of 2022","",IFERROR(INDEX(CAT4_2022_2023!$J:$J,MATCH($B34,CAT4_2022_2023!$A:$A,0)),IFERROR(INDEX(CAT4_2021_2022!$J:$J,MATCH($B34,CAT4_2021_2022!$A:$A,0)),""))) | W34: 2022 admissions (name-matched to QID); outcomes
A35: Class of 2022 | B35: 30463405350 | C35: عبدالله محمد عبدالله باوزير | F35: 60.8 | G35: 76 | H35: 72 | J35: 152 | K35: =IF(J35="","",J35/250*100) -> 60.8 | L35: 54 | M35: =IF(L35="","",L35/50*100) -> 108 | N35: =IF(COUNT(R35:U35)=0,"",ROUND(AVERAGE(R35:U35),0)) | O35: =IF(N35="","",N35/142*100) | P35: =IF(COUNT(K35,M35,O35)=0,"",AVERAGE(K35,M35,O35)) -> 84.4 | Q35: =IF($A35="Class of 2022","",IFERROR(INDEX(CAT4_2022_2023!$F:$F,MATCH($B35,CAT4_2022_2023!$A:$A,0)),IFERROR(INDEX(CAT4_2021_2022!$F:$F,MATCH($B35,CAT4_2021_2022!$A:$A,0)),""))) | R35: =IF($A35="Class of 2022","",IFERROR(INDEX(CAT4_2022_2023!$G:$G,MATCH($B35,CAT4_2022_2023!$A:$A,0)),IFERROR(INDEX(CAT4_2021_2022!$G:$G,MATCH($B35,CAT4_2021_2022!$A:$A,0)),""))) | S35: =IF($A35="Class of 2022","",IFERROR(INDEX(CAT4_2022_2023!$H:$H,MATCH($B35,CAT4_2022_2023!$A:$A,0)),IFERROR(INDEX(CAT4_2021_2022!$H:$H,MATCH($B35,CAT4_2021_2022!$A:$A,0)),""))) | T35: =IF($A35="Class of 2022","",IFERROR(INDEX(CAT4_2022_2023!$I:$I,MATCH($B35,CAT4_2022_2023!$A:$A,0)),IFERROR(INDEX(CAT4_2021_2022!$I:$I,MATCH($B35,CAT4_2021_2022!$A:$A,0)),""))) | U35: =IF($A35="Class of 2022","",IFERROR(INDEX(CAT4_2022_2023!$J:$J,MATCH($B35,CAT4_2022_2023!$A:$A,0)),IFERROR(INDEX(CAT4_2021_2022!$J:$J,MATCH($B35,CAT4_2021_2022!$A:$A,0)),""))) | W35: 2022 admissions (name-matched to QID); outcomes
A36: Class of 2022 | B36: 30563404014 | C36: على سلطان مبارك المعاضيد | F36: 64.4 | G36: 76 | H36: 70.666667 | J36: 161 | K36: =IF(J36="","",J36/250*100) -> 64.4 | L36: 53 | M36: =IF(L36="","",L36/50*100) -> 106 | N36: =IF(COUNT(R36:U36)=0,"",ROUND(AVERAGE(R36:U36),0)) | O36: =IF(N36="","",N36/142*100) | P36: =IF(COUNT(K36,M36,O36)=0,"",AVERAGE(K36,M36,O36)) -> 85.2 | Q36: =IF($A36="Class of 2022","",IFERROR(INDEX(CAT4_2022_2023!$F:$F,MATCH($B36,CAT4_2022_2023!$A:$A,0)),IFERROR(INDEX(CAT4_2021_2022!$F:$F,MATCH($B36,CAT4_2021_2022!$A:$A,0)),""))) | R36: =IF($A36="Class of 2022","",IFERROR(INDEX(CAT4_2022_2023!$G:$G,MATCH($B36,CAT4_2022_2023!$A:$A,0)),IFERROR(INDEX(CAT4_2021_2022!$G:$G,MATCH($B36,CAT4_2021_2022!$A:$A,0)),""))) | S36: =IF($A36="Class of 2022","",IFERROR(INDEX(CAT4_2022_2023!$H:$H,MATCH($B36,CAT4_2022_2023!$A:$A,0)),IFERROR(INDEX(CAT4_2021_2022!$H:$H,MATCH($B36,CAT4_2021_2022!$A:$A,0)),""))) | T36: =IF($A36="Class of 2022","",IFERROR(INDEX(CAT4_2022_2023!$I:$I,MATCH($B36,CAT4_2022_2023!$A:$A,0)),IFERROR(INDEX(CAT4_2021_2022!$I:$I,MATCH($B36,CAT4_2021_2022!$A:$A,0)),""))) | U36: =IF($A36="Class of 2022","",IFERROR(INDEX(CAT4_2022_2023!$J:$J,MATCH($B36,CAT4_2022_2023!$A:$A,0)),IFERROR(INDEX(CAT4_2021_2022!$J:$J,MATCH($B36,CAT4_2021_2022!$A:$A,0)),""))) | W36: 2022 admissions (name-matched to QID); outcomes
A37: Class of 2022 | B37: 30563400206 | C37: عمر عبدالله على الحمادى | F37: 54 | G37: 92 | H37: 62.666667 | J37: 135 | K37: =IF(J37="","",J37/250*100) -> 54 | L37: 47 | M37: =IF(L37="","",L37/50*100) -> 94 | N37: =IF(COUNT(R37:U37)=0,"",ROUND(AVERAGE(R37:U37),0)) | O37: =IF(N37="","",N37/142*100) | P37: =IF(COUNT(K37,M37,O37)=0,"",AVERAGE(K37,M37,O37)) -> 74 | Q37: =IF($A37="Class of 2022","",IFERROR(INDEX(CAT4_2022_2023!$F:$F,MATCH($B37,CAT4_2022_2023!$A:$A,0)),IFERROR(INDEX(CAT4_2021_2022!$F:$F,MATCH($B37,CAT4_2021_2022!$A:$A,0)),""))) | R37: =IF($A37="Class of 2022","",IFERROR(INDEX(CAT4_2022_2023!$G:$G,MATCH($B37,CAT4_2022_2023!$A:$A,0)),IFERROR(INDEX(CAT4_2021_2022!$G:$G,MATCH($B37,CAT4_2021_2022!$A:$A,0)),""))) | S37: =IF($A37="Class of 2022","",IFERROR(INDEX(CAT4_2022_2023!$H:$H,MATCH($B37,CAT4_2022_2023!$A:$A,0)),IFERROR(INDEX(CAT4_2021_2022!$H:$H,MATCH($B37,CAT4_2021_2022!$A:$A,0)),""))) | T37: =IF($A37="Class of 2022","",IFERROR(INDEX(CAT4_2022_2023!$I:$I,MATCH($B37,CAT4_2022_2023!$A:$A,0)),IFERROR(INDEX(CAT4_2021_2022!$I:$I,MATCH($B37,CAT4_2021_2022!$A:$A,0)),""))) | U37: =IF($A37="Class of 2022","",IFERROR(INDEX(CAT4_2022_2023!$J:$J,MATCH($B37,CAT4_2022_2023!$A:$A,0)),IFERROR(INDEX(CAT4_2021_2022!$J:$J,MATCH($B37,CAT4_2021_2022!$A:$A,0)),""))) | W37: 2022 admissions (name-matched to QID); outcomes
A38: Class of 2022 | B38: 30463402995 | C38: عيسى حمد محسن العجى | F38: 52 | G38: 76 | H38: 68 | J38: 130 | K38: =IF(J38="","",J38/250*100) -> 52 | L38: 51 | M38: =IF(L38="","",L38/50*100) -> 102 | N38: =IF(COUNT(R38:U38)=0,"",ROUND(AVERAGE(R38:U38),0)) | O38: =IF(N38="","",N38/142*100) | P38: =IF(COUNT(K38,M38,O38)=0,"",AVERAGE(K38,M38,O38)) -> 77 | Q38: =IF($A38="Class of 2022","",IFERROR(INDEX(CAT4_2022_2023!$F:$F,MATCH($B38,CAT4_2022_2023!$A:$A,0)),IFERROR(INDEX(CAT4_2021_2022!$F:$F,MATCH($B38,CAT4_2021_2022!$A:$A,0)),""))) | R38: =IF($A38="Class of 2022","",IFERROR(INDEX(CAT4_2022_2023!$G:$G,MATCH($B38,CAT4_2022_2023!$A:$A,0)),IFERROR(INDEX(CAT4_2021_2022!$G:$G,MATCH($B38,CAT4_2021_2022!$A:$A,0)),""))) | S38: =IF($A38="Class of 2022","",IFERROR(INDEX(CAT4_2022_2023!$H:$H,MATCH($B38,CAT4_2022_2023!$A:$A,0)),IFERROR(INDEX(CAT4_2021_2022!$H:$H,MATCH($B38,CAT4_2021_2022!$A:$A,0)),""))) | T38: =IF($A38="Class of 2022","",IFERROR(INDEX(CAT4_2022_2023!$I:$I,MATCH($B38,CAT4_2022_2023!$A:$A,0)),IFERROR(INDEX(CAT4_2021_2022!$I:$I,MATCH($B38,CAT4_2021_2022!$A:$A,0)),""))) | U38: =IF($A38="Class of 2022","",IFERROR(INDEX(CAT4_2022_2023!$J:$J,MATCH($B38,CAT4_2022_2023!$A:$A,0)),IFERROR(INDEX(CAT4_2021_2022!$J:$J,MATCH($B38,CAT4_2021_2022!$A:$A,0)),""))) | W38: 2022 admissions (name-matched to QID); outcomes
A39: Class of 2022 | B39: 30563401033 | C39: محمد خالد محمد الحردان | F39: 66 | G39: 100 | H39: 74.666667 | J39: 165 | K39: =IF(J39="","",J39/250*100) -> 66 | L39: 56 | M39: =IF(L39="","",L39/50*100) -> 112 | N39: =IF(COUNT(R39:U39)=0,"",ROUND(AVERAGE(R39:U39),0)) | O39: =IF(N39="","",N39/142*100) | P39: =IF(COUNT(K39,M39,O39)=0,"",AVERAGE(K39,M39,O39)) -> 89 | Q39: =IF($A39="Class of 2022","",IFERROR(INDEX(CAT4_2022_2023!$F:$F,MATCH($B39,CAT4_2022_2023!$A:$A,0)),IFERROR(INDEX(CAT4_2021_2022!$F:$F,MATCH($B39,CAT4_2021_2022!$A:$A,0)),""))) | R39: =IF($A39="Class of 2022","",IFERROR(INDEX(CAT4_2022_2023!$G:$G,MATCH($B39,CAT4_2022_2023!$A:$A,0)),IFERROR(INDEX(CAT4_2021_2022!$G:$G,MATCH($B39,CAT4_2021_2022!$A:$A,0)),""))) | S39: =IF($A39="Class of 2022","",IFERROR(INDEX(CAT4_2022_2023!$H:$H,MATCH($B39,CAT4_2022_2023!$A:$A,0)),IFERROR(INDEX(CAT4_2021_2022!$H:$H,MATCH($B39,CAT4_2021_2022!$A:$A,0)),""))) | T39: =IF($A39="Class of 2022","",IFERROR(INDEX(CAT4_2022_2023!$I:$I,MATCH($B39,CAT4_2022_2023!$A:$A,0)),IFERROR(INDEX(CAT4_2021_2022!$I:$I,MATCH($B39,CAT4_2021_2022!$A:$A,0)),""))) | U39: =IF($A39="Class of 2022","",IFERROR(INDEX(CAT4_2022_2023!$J:$J,MATCH($B39,CAT4_2022_2023!$A:$A,0)),IFERROR(INDEX(CAT4_2021_2022!$J:$J,MATCH($B39,CAT4_2021_2022!$A:$A,0)),""))) | W39: 2022 admissions (name-matched to QID); outcomes
A40: Class of 2022 | B40: 30488600227 | C40: ناصر عبدالرحيم جاسم الحوري | F40: 48 | G40: 100 | H40: 90.666667 | J40: 120 | K40: =IF(J40="","",J40/250*100) -> 48 | L40: 68 | M40: =IF(L40="","",L40/50*100) -> 136 | N40: =IF(COUNT(R40:U40)=0,"",ROUND(AVERAGE(R40:U40),0)) | O40: =IF(N40="","",N40/142*100) | P40: =IF(COUNT(K40,M40,O40)=0,"",AVERAGE(K40,M40,O40)) -> 92 | Q40: =IF($A40="Class of 2022","",IFERROR(INDEX(CAT4_2022_2023!$F:$F,MATCH($B40,CAT4_2022_2023!$A:$A,0)),IFERROR(INDEX(CAT4_2021_2022!$F:$F,MATCH($B40,CAT4_2021_2022!$A:$A,0)),""))) | R40: =IF($A40="Class of 2022","",IFERROR(INDEX(CAT4_2022_2023!$G:$G,MATCH($B40,CAT4_2022_2023!$A:$A,0)),IFERROR(INDEX(CAT4_2021_2022!$G:$G,MATCH($B40,CAT4_2021_2022!$A:$A,0)),""))) | S40: =IF($A40="Class of 2022","",IFERROR(INDEX(CAT4_2022_2023!$H:$H,MATCH($B40,CAT4_2022_2023!$A:$A,0)),IFERROR(INDEX(CAT4_2021_2022!$H:$H,MATCH($B40,CAT4_2021_2022!$A:$A,0)),""))) | T40: =IF($A40="Class of 2022","",IFERROR(INDEX(CAT4_2022_2023!$I:$I,MATCH($B40,CAT4_2022_2023!$A:$A,0)),IFERROR(INDEX(CAT4_2021_2022!$I:$I,MATCH($B40,CAT4_2021_2022!$A:$A,0)),""))) | U40: =IF($A40="Class of 2022","",IFERROR(INDEX(CAT4_2022_2023!$J:$J,MATCH($B40,CAT4_2022_2023!$A:$A,0)),IFERROR(INDEX(CAT4_2021_2022!$J:$J,MATCH($B40,CAT4_2021_2022!$A:$A,0)),""))) | W40: 2022 admissions (name-matched to QID); outcomes
A41: Class of 2022 | B41: 30463403712 | C41: احمد بدر احمد الانصارى | F41: 44.8 | G41: 64 | H41: 92 | J41: 112 | K41: =IF(J41="","",J41/250*100) -> 44.8 | L41: 69 | M41: =IF(L41="","",L41/50*100) -> 138 | N41: =IF(COUNT(R41:U41)=0,"",ROUND(AVERAGE(R41:U41),0)) | O41: =IF(N41="","",N41/142*100) | P41: =IF(COUNT(K41,M41,O41)=0,"",AVERAGE(K41,M41,O41)) -> 91.4 | Q41: =IF($A41="Class of 2022","",IFERROR(INDEX(CAT4_2022_2023!$F:$F,MATCH($B41,CAT4_2022_2023!$A:$A,0)),IFERROR(INDEX(CAT4_2021_2022!$F:$F,MATCH($B41,CAT4_2021_2022!$A:$A,0)),""))) | R41: =IF($A41="Class of 2022","",IFERROR(INDEX(CAT4_2022_2023!$G:$G,MATCH($B41,CAT4_2022_2023!$A:$A,0)),IFERROR(INDEX(CAT4_2021_2022!$G:$G,MATCH($B41,CAT4_2021_2022!$A:$A,0)),""))) | S41: =IF($A41="Class of 2022","",IFERROR(INDEX(CAT4_2022_2023!$H:$H,MATCH($B41,CAT4_2022_2023!$A:$A,0)),IFERROR(INDEX(CAT4_2021_2022!$H:$H,MATCH($B41,CAT4_2021_2022!$A:$A,0)),""))) | T41: =IF($A41="Class of 2022","",IFERROR(INDEX(CAT4_2022_2023!$I:$I,MATCH($B41,CAT4_2022_2023!$A:$A,0)),IFERROR(INDEX(CAT4_2021_2022!$I:$I,MATCH($B41,CAT4_2021_2022!$A:$A,0)),""))) | U41: =IF($A41="Class of 2022","",IFERROR(INDEX(CAT4_2022_2023!$J:$J,MATCH($B41,CAT4_2022_2023!$A:$A,0)),IFERROR(INDEX(CAT4_2021_2022!$J:$J,MATCH($B41,CAT4_2021_2022!$A:$A,0)),""))) | W41: 2022 admissions (name-matched to QID); outcomes
... A60: Class of 2022 | B60: 30463403015 | C60: نصار طارق حسين نصار | F60: 58 | G60: 100 | H60: 70.666667 | J60: 145 | K60: =IF(J60="","",J60/250*100) -> 58 | L60: 53 | M60: =IF(L60="","",L60/50*100) -> 106 | N60: =IF(COUNT(R60:U60)=0,"",ROUND(AVERAGE(R60:U60),0)) | O60: =IF(N60="","",N60/142*100) | P60: =IF(COUNT(K60,M60,O60)=0,"",AVERAGE(K60,M60,O60)) -> 82 | Q60: =IF($A60="Class of 2022","",IFERROR(INDEX(CAT4_2022_2023!$F:$F,MATCH($B60,CAT4_2022_2023!$A:$A,0)),IFERROR(INDEX(CAT4_2021_2022!$F:$F,MATCH($B60,CAT4_2021_2022!$A:$A,0)),""))) | R60: =IF($A60="Class of 2022","",IFERROR(INDEX(CAT4_2022_2023!$G:$G,MATCH($B60,CAT4_2022_2023!$A:$A,0)),IFERROR(INDEX(CAT4_2021_2022!$G:$G,MATCH($B60,CAT4_2021_2022!$A:$A,0)),""))) | S60: =IF($A60="Class of 2022","",IFERROR(INDEX(CAT4_2022_2023!$H:$H,MATCH($B60,CAT4_2022_2023!$A:$A,0)),IFERROR(INDEX(CAT4_2021_2022!$H:$H,MATCH($B60,CAT4_2021_2022!$A:$A,0)),""))) | T60: =IF($A60="Class of 2022","",IFERROR(INDEX(CAT4_2022_2023!$I:$I,MATCH($B60,CAT4_2022_2023!$A:$A,0)),IFERROR(INDEX(CAT4_2021_2022!$I:$I,MATCH($B60,CAT4_2021_2022!$A:$A,0)),""))) | U60: =IF($A60="Class of 2022","",IFERROR(INDEX(CAT4_2022_2023!$J:$J,MATCH($B60,CAT4_2022_2023!$A:$A,0)),IFERROR(INDEX(CAT4_2021_2022!$J:$J,MATCH($B60,CAT4_2021_2022!$A:$A,0)),""))) | W60: 2022 admissions (name-matched to QID); outcomes
A61: Class of 2023 | B61: 30563405617 | C61: Ibrahim Ahmed Al Bader | D61: Umar ibn Al-Khattab Preparatory School for Boys | E61: General | F61: 92 | I61: B1 | J61: 112 | K61: =IF(J61="","",J61/250*100) -> 44.8 | L61: 63 | M61: =IF(L61="","",L61/50*100) -> 126 | N61: =IF(COUNT(R61:U61)=0,"",ROUND(AVERAGE(R61:U61),0)) -> 105 | O61: =IF(N61="","",N61/142*100) -> 73.943662 | P61: =IF(COUNT(K61,M61,O61)=0,"",AVERAGE(K61,M61,O61)) -> 81.581221 | Q61: =IF($A61="Class of 2022","",IFERROR(INDEX(CAT4_2022_2023!$F:$F,MATCH($B61,CAT4_2022_2023!$A:$A,0)),IFERROR(INDEX(CAT4_2021_2022!$F:$F,MATCH($B61,CAT4_2021_2022!$A:$A,0)),""))) -> Moderate spatial bias | R61: =IF($A61="Class of 2022","",IFERROR(INDEX(CAT4_2022_2023!$G:$G,MATCH($B61,CAT4_2022_2023!$A:$A,0)),IFERROR(INDEX(CAT4_2021_2022!$G:$G,MATCH($B61,CAT4_2021_2022!$A:$A,0)),""))) -> 86 | S61: =IF($A61="Class of 2022","",IFERROR(INDEX(CAT4_2022_2023!$H:$H,MATCH($B61,CAT4_2022_2023!$A:$A,0)),IFERROR(INDEX(CAT4_2021_2022!$H:$H,MATCH($B61,CAT4_2021_2022!$A:$A,0)),""))) -> 116 | T61: =IF($A61="Class of 2022","",IFERROR(INDEX(CAT4_2022_2023!$I:$I,MATCH($B61,CAT4_2022_2023!$A:$A,0)),IFERROR(INDEX(CAT4_2021_2022!$I:$I,MATCH($B61,CAT4_2021_2022!$A:$A,0)),""))) -> 111 | U61: =IF($A61="Class of 2022","",IFERROR(INDEX(CAT4_2022_2023!$J:$J,MATCH($B61,CAT4_2022_2023!$A:$A,0)),IFERROR(INDEX(CAT4_2021_2022!$J:$J,MATCH($B61,CAT4_2021_2022!$A:$A,0)),""))) -> 107 | W61: 2023 admissions; 2019 accepted list; CAT new students
A62: Class of 2023 | B62: 30563400001 | C62: Jassim Mohammed Al Dosari | D62: Doha Preparatory School for Boys | E62: General | F62: 96 | I62: B1 | J62: 127 | K62: =IF(J62="","",J62/250*100) -> 50.8 | L62: 75 | M62: =IF(L62="","",L62/50*100) -> 150 | N62: =IF(COUNT(R62:U62)=0,"",ROUND(AVERAGE(R62:U62),0)) -> 107 | O62: =IF(N62="","",N62/142*100) -> 75.352113 | P62: =IF(COUNT(K62,M62,O62)=0,"",AVERAGE(K62,M62,O62)) -> 92.050704 | Q62: =IF($A62="Class of 2022","",IFERROR(INDEX(CAT4_2022_2023!$F:$F,MATCH($B62,CAT4_2022_2023!$A:$A,0)),IFERROR(INDEX(CAT4_2021_2022!$F:$F,MATCH($B62,CAT4_2021_2022!$A:$A,0)),""))) -> Extreme spatial bias | R62: =IF($A62="Class of 2022","",IFERROR(INDEX(CAT4_2022_2023!$G:$G,MATCH($B62,CAT4_2022_2023!$A:$A,0)),IFERROR(INDEX(CAT4_2021_2022!$G:$G,MATCH($B62,CAT4_2021_2022!$A:$A,0)),""))) -> 75 | S62: =IF($A62="Class of 2022","",IFERROR(INDEX(CAT4_2022_2023!$H:$H,MATCH($B62,CAT4_2022_2023!$A:$A,0)),IFERROR(INDEX(CAT4_2021_2022!$H:$H,MATCH($B62,CAT4_2021_2022!$A:$A,0)),""))) -> 112 | T62: =IF($A62="Class of 2022","",IFERROR(INDEX(CAT4_2022_2023!$I:$I,MATCH($B62,CAT4_2022_2023!$A:$A,0)),IFERROR(INDEX(CAT4_2021_2022!$I:$I,MATCH($B62,CAT4_2021_2022!$A:$A,0)),""))) -> 121 | U62: =IF($A62="Class of 2022","",IFERROR(INDEX(CAT4_2022_2023!$J:$J,MATCH($B62,CAT4_2022_2023!$A:$A,0)),IFERROR(INDEX(CAT4_2021_2022!$J:$J,MATCH($B62,CAT4_2021_2022!$A:$A,0)),""))) -> 118 | W62: 2023 admissions; 2019 accepted list; CAT new students
A63: Class of 2023 | B63: 30563403466 | C63: Hareb Tariq Al Muhannadi | D63: Abu Bakr as-Siddiq Preparatory School for Boys | E63: General | F63: 91 | I63: B2 | J63: 136 | K63: =IF(J63="","",J63/250*100) -> 54.4 | L63: 40 | M63: =IF(L63="","",L63/50*100) -> 80 | N63: =IF(COUNT(R63:U63)=0,"",ROUND(AVERAGE(R63:U63),0)) -> 93 | O63: =IF(N63="","",N63/142*100) -> 65.492958 | P63: =IF(COUNT(K63,M63,O63)=0,"",AVERAGE(K63,M63,O63)) -> 66.630986 | Q63: =IF($A63="Class of 2022","",IFERROR(INDEX(CAT4_2022_2023!$F:$F,MATCH($B63,CAT4_2022_2023!$A:$A,0)),IFERROR(INDEX(CAT4_2021_2022!$F:$F,MATCH($B63,CAT4_2021_2022!$A:$A,0)),""))) -> No bias | R63: =IF($A63="Class of 2022","",IFERROR(INDEX(CAT4_2022_2023!$G:$G,MATCH($B63,CAT4_2022_2023!$A:$A,0)),IFERROR(INDEX(CAT4_2021_2022!$G:$G,MATCH($B63,CAT4_2021_2022!$A:$A,0)),""))) -> 85 | S63: =IF($A63="Class of 2022","",IFERROR(INDEX(CAT4_2022_2023!$H:$H,MATCH($B63,CAT4_2022_2023!$A:$A,0)),IFERROR(INDEX(CAT4_2021_2022!$H:$H,MATCH($B63,CAT4_2021_2022!$A:$A,0)),""))) -> 101 | T63: =IF($A63="Class of 2022","",IFERROR(INDEX(CAT4_2022_2023!$I:$I,MATCH($B63,CAT4_2022_2023!$A:$A,0)),IFERROR(INDEX(CAT4_2021_2022!$I:$I,MATCH($B63,CAT4_2021_2022!$A:$A,0)),""))) -> 93 | U63: =IF($A63="Class of 2022","",IFERROR(INDEX(CAT4_2022_2023!$J:$J,MATCH($B63,CAT4_2022_2023!$A:$A,0)),IFERROR(INDEX(CAT4_2021_2022!$J:$J,MATCH($B63,CAT4_2021_2022!$A:$A,0)),""))) -> 94 | W63: 2023 admissions; 2019 accepted list; CAT new students
A64: Class of 2023 | B64: 30563405656 | C64: Sultan Hassan Abu Hindi | D64: Abu Bakr as-Siddiq Preparatory School for Boys | E64: General | F64: 95 | I64: B1 | J64: 140 | K64: =IF(J64="","",J64/250*100) -> 56 | L64: 83 | M64: =IF(L64="","",L64/50*100) -> 166 | N64: =IF(COUNT(R64:U64)=0,"",ROUND(AVERAGE(R64:U64),0)) -> 96 | O64: =IF(N64="","",N64/142*100) -> 67.605634 | P64: =IF(COUNT(K64,M64,O64)=0,"",AVERAGE(K64,M64,O64)) -> 96.535211 | Q64: =IF($A64="Class of 2022","",IFERROR(INDEX(CAT4_2022_2023!$F:$F,MATCH($B64,CAT4_2022_2023!$A:$A,0)),IFERROR(INDEX(CAT4_2021_2022!$F:$F,MATCH($B64,CAT4_2021_2022!$A:$A,0)),""))) -> Mild spatial bias | R64: =IF($A64="Class of 2022","",IFERROR(INDEX(CAT4_2022_2023!$G:$G,MATCH($B64,CAT4_2022_2023!$A:$A,0)),IFERROR(INDEX(CAT4_2021_2022!$G:$G,MATCH($B64,CAT4_2021_2022!$A:$A,0)),""))) -> 75 | S64: =IF($A64="Class of 2022","",IFERROR(INDEX(CAT4_2022_2023!$H:$H,MATCH($B64,CAT4_2022_2023!$A:$A,0)),IFERROR(INDEX(CAT4_2021_2022!$H:$H,MATCH($B64,CAT4_2021_2022!$A:$A,0)),""))) -> 122 | T64: =IF($A64="Class of 2022","",IFERROR(INDEX(CAT4_2022_2023!$I:$I,MATCH($B64,CAT4_2022_2023!$A:$A,0)),IFERROR(INDEX(CAT4_2021_2022!$I:$I,MATCH($B64,CAT4_2021_2022!$A:$A,0)),""))) -> 93 | U64: =IF($A64="Class of 2022","",IFERROR(INDEX(CAT4_2022_2023!$J:$J,MATCH($B64,CAT4_2022_2023!$A:$A,0)),IFERROR(INDEX(CAT4_2021_2022!$J:$J,MATCH($B64,CAT4_2021_2022!$A:$A,0)),""))) -> 92 | W64: 2023 admissions; 2019 accepted list; CAT new students
A65: Class of 2023 | B65: 30563401334 | C65: Sultan Eid Al Muhannadi | D65: Umar ibn Al-Khattab Preparatory School for Boys | E65: General | F65: 84 | I65: B1 | J65: 131 | K65: =IF(J65="","",J65/250*100) -> 52.4 | L65: 75 | M65: =IF(L65="","",L65/50*100) -> 150 | N65: =IF(COUNT(R65:U65)=0,"",ROUND(AVERAGE(R65:U65),0)) -> 96 | O65: =IF(N65="","",N65/142*100) -> 67.605634 | P65: =IF(COUNT(K65,M65,O65)=0,"",AVERAGE(K65,M65,O65)) -> 90.001878 | Q65: =IF($A65="Class of 2022","",IFERROR(INDEX(CAT4_2022_2023!$F:$F,MATCH($B65,CAT4_2022_2023!$A:$A,0)),IFERROR(INDEX(CAT4_2021_2022!$F:$F,MATCH($B65,CAT4_2021_2022!$A:$A,0)),""))) -> Moderate spatial bias | R65: =IF($A65="Class of 2022","",IFERROR(INDEX(CAT4_2022_2023!$G:$G,MATCH($B65,CAT4_2022_2023!$A:$A,0)),IFERROR(INDEX(CAT4_2021_2022!$G:$G,MATCH($B65,CAT4_2021_2022!$A:$A,0)),""))) -> 75 | S65: =IF($A65="Class of 2022","",IFERROR(INDEX(CAT4_2022_2023!$H:$H,MATCH($B65,CAT4_2022_2023!$A:$A,0)),IFERROR(INDEX(CAT4_2021_2022!$H:$H,MATCH($B65,CAT4_2021_2022!$A:$A,0)),""))) -> 116 | T65: =IF($A65="Class of 2022","",IFERROR(INDEX(CAT4_2022_2023!$I:$I,MATCH($B65,CAT4_2022_2023!$A:$A,0)),IFERROR(INDEX(CAT4_2021_2022!$I:$I,MATCH($B65,CAT4_2021_2022!$A:$A,0)),""))) -> 91 | U65: =IF($A65="Class of 2022","",IFERROR(INDEX(CAT4_2022_2023!$J:$J,MATCH($B65,CAT4_2022_2023!$A:$A,0)),IFERROR(INDEX(CAT4_2021_2022!$J:$J,MATCH($B65,CAT4_2021_2022!$A:$A,0)),""))) -> 102 | W65: 2023 admissions; 2019 accepted list; CAT new students
A66: Class of 2023 | B66: 30563404818 | C66: Abdulaziz Khalid Al Hammadi | D66: Doha British School | E66: British | F66: Step 5 | I66: B2 | J66: 161 | K66: =IF(J66="","",J66/250*100) -> 64.4 | L66: 78 | M66: =IF(L66="","",L66/50*100) -> 156 | N66: =IF(COUNT(R66:U66)=0,"",ROUND(AVERAGE(R66:U66),0)) -> 99 | O66: =IF(N66="","",N66/142*100) -> 69.71831 | P66: =IF(COUNT(K66,M66,O66)=0,"",AVERAGE(K66,M66,O66)) -> 96.706103 | Q66: =IF($A66="Class of 2022","",IFERROR(INDEX(CAT4_2022_2023!$F:$F,MATCH($B66,CAT4_2022_2023!$A:$A,0)),IFERROR(INDEX(CAT4_2021_2022!$F:$F,MATCH($B66,CAT4_2021_2022!$A:$A,0)),""))) -> Mild verbal bias | R66: =IF($A66="Class of 2022","",IFERROR(INDEX(CAT4_2022_2023!$G:$G,MATCH($B66,CAT4_2022_2023!$A:$A,0)),IFERROR(INDEX(CAT4_2021_2022!$G:$G,MATCH($B66,CAT4_2021_2022!$A:$A,0)),""))) -> 104 | S66: =IF($A66="Class of 2022","",IFERROR(INDEX(CAT4_2022_2023!$H:$H,MATCH($B66,CAT4_2022_2023!$A:$A,0)),IFERROR(INDEX(CAT4_2021_2022!$H:$H,MATCH($B66,CAT4_2021_2022!$A:$A,0)),""))) -> 95 | T66: =IF($A66="Class of 2022","",IFERROR(INDEX(CAT4_2022_2023!$I:$I,MATCH($B66,CAT4_2022_2023!$A:$A,0)),IFERROR(INDEX(CAT4_2021_2022!$I:$I,MATCH($B66,CAT4_2021_2022!$A:$A,0)),""))) -> 102 | U66: =IF($A66="Class of 2022","",IFERROR(INDEX(CAT4_2022_2023!$J:$J,MATCH($B66,CAT4_2022_2023!$A:$A,0)),IFERROR(INDEX(CAT4_2021_2022!$J:$J,MATCH($B66,CAT4_2021_2022!$A:$A,0)),""))) -> 96 | W66: 2023 admissions; 2019 accepted list; CAT new students
A67: Class of 2023 | B67: 30563400872 | C67: Abdulla Jabor Alhajajy | D67: Khalid Bin Ahmad Preparatory School for Boys | E67: General | F67: 89 | I67: B1 | J67: 138 | K67: =IF(J67="","",J67/250*100) -> 55.2 | L67: 38 | M67: =IF(L67="","",L67/50*100) -> 76 | N67: =IF(COUNT(R67:U67)=0,"",ROUND(AVERAGE(R67:U67),0)) -> 95 | O67: =IF(N67="","",N67/142*100) -> 66.901408 | P67: =IF(COUNT(K67,M67,O67)=0,"",AVERAGE(K67,M67,O67)) -> 66.033803 | Q67: =IF($A67="Class of 2022","",IFERROR(INDEX(CAT4_2022_2023!$F:$F,MATCH($B67,CAT4_2022_2023!$A:$A,0)),IFERROR(INDEX(CAT4_2021_2022!$F:$F,MATCH($B67,CAT4_2021_2022!$A:$A,0)),""))) -> No bias | R67: =IF($A67="Class of 2022","",IFERROR(INDEX(CAT4_2022_2023!$G:$G,MATCH($B67,CAT4_2022_2023!$A:$A,0)),IFERROR(INDEX(CAT4_2021_2022!$G:$G,MATCH($B67,CAT4_2021_2022!$A:$A,0)),""))) -> 77 | S67: =IF($A67="Class of 2022","",IFERROR(INDEX(CAT4_2022_2023!$H:$H,MATCH($B67,CAT4_2022_2023!$A:$A,0)),IFERROR(INDEX(CAT4_2021_2022!$H:$H,MATCH($B67,CAT4_2021_2022!$A:$A,0)),""))) -> 110 | T67: =IF($A67="Class of 2022","",IFERROR(INDEX(CAT4_2022_2023!$I:$I,MATCH($B67,CAT4_2022_2023!$A:$A,0)),IFERROR(INDEX(CAT4_2021_2022!$I:$I,MATCH($B67,CAT4_2021_2022!$A:$A,0)),""))) -> 105 | U67: =IF($A67="Class of 2022","",IFERROR(INDEX(CAT4_2022_2023!$J:$J,MATCH($B67,CAT4_2022_2023!$A:$A,0)),IFERROR(INDEX(CAT4_2021_2022!$J:$J,MATCH($B67,CAT4_2021_2022!$A:$A,0)),""))) -> 86 | W67: 2023 admissions; 2019 accepted list; CAT new students
A68: Class of 2023 | B68: 30563405476 | C68: Abdulla Nayef Al Nuaimi | D68: Khalid ibn al-Walid Preparatory School for Boys | E68: General | F68: 99 | I68: B2 | J68: 148 | K68: =IF(J68="","",J68/250*100) -> 59.2 | L68: 60 | M68: =IF(L68="","",L68/50*100) -> 120 | N68: =IF(COUNT(R68:U68)=0,"",ROUND(AVERAGE(R68:U68),0)) -> 104 | O68: =IF(N68="","",N68/142*100) -> 73.239437 | P68: =IF(COUNT(K68,M68,O68)=0,"",AVERAGE(K68,M68,O68)) -> 84.146479 | Q68: =IF($A68="Class of 2022","",IFERROR(INDEX(CAT4_2022_2023!$F:$F,MATCH($B68,CAT4_2022_2023!$A:$A,0)),IFERROR(INDEX(CAT4_2021_2022!$F:$F,MATCH($B68,CAT4_2021_2022!$A:$A,0)),""))) -> Mild spatial bias | R68: =IF($A68="Class of 2022","",IFERROR(INDEX(CAT4_2022_2023!$G:$G,MATCH($B68,CAT4_2022_2023!$A:$A,0)),IFERROR(INDEX(CAT4_2021_2022!$G:$G,MATCH($B68,CAT4_2021_2022!$A:$A,0)),""))) -> 93 | S68: =IF($A68="Class of 2022","",IFERROR(INDEX(CAT4_2022_2023!$H:$H,MATCH($B68,CAT4_2022_2023!$A:$A,0)),IFERROR(INDEX(CAT4_2021_2022!$H:$H,MATCH($B68,CAT4_2021_2022!$A:$A,0)),""))) -> 111 | T68: =IF($A68="Class of 2022","",IFERROR(INDEX(CAT4_2022_2023!$I:$I,MATCH($B68,CAT4_2022_2023!$A:$A,0)),IFERROR(INDEX(CAT4_2021_2022!$I:$I,MATCH($B68,CAT4_2021_2022!$A:$A,0)),""))) -> 109 | U68: =IF($A68="Class of 2022","",IFERROR(INDEX(CAT4_2022_2023!$J:$J,MATCH($B68,CAT4_2022_2023!$A:$A,0)),IFERROR(INDEX(CAT4_2021_2022!$J:$J,MATCH($B68,CAT4_2021_2022!$A:$A,0)),""))) -> 104 | W68: 2023 admissions; 2019 accepted list; CAT new students
A69: Class of 2023 | B69: 30663401667 | C69: Ali Yousuf Al Mohannadi | D69: Umar ibn Al-Khattab Preparatory School for Boys | E69: General | F69: 91 | I69: B1 | J69: 131 | K69: =IF(J69="","",J69/250*100) -> 52.4 | L69: 55 | M69: =IF(L69="","",L69/50*100) -> 110 | N69: =IF(COUNT(R69:U69)=0,"",ROUND(AVERAGE(R69:U69),0)) -> 93 | O69: =IF(N69="","",N69/142*100) -> 65.492958 | P69: =IF(COUNT(K69,M69,O69)=0,"",AVERAGE(K69,M69,O69)) -> 75.964319 | Q69: =IF($A69="Class of 2022","",IFERROR(INDEX(CAT4_2022_2023!$F:$F,MATCH($B69,CAT4_2022_2023!$A:$A,0)),IFERROR(INDEX(CAT4_2021_2022!$F:$F,MATCH($B69,CAT4_2021_2022!$A:$A,0)),""))) -> Moderate spatial bias | R69: =IF($A69="Class of 2022","",IFERROR(INDEX(CAT4_2022_2023!$G:$G,MATCH($B69,CAT4_2022_2023!$A:$A,0)),IFERROR(INDEX(CAT4_2021_2022!$G:$G,MATCH($B69,CAT4_2021_2022!$A:$A,0)),""))) -> 69 | S69: =IF($A69="Class of 2022","",IFERROR(INDEX(CAT4_2022_2023!$H:$H,MATCH($B69,CAT4_2022_2023!$A:$A,0)),IFERROR(INDEX(CAT4_2021_2022!$H:$H,MATCH($B69,CAT4_2021_2022!$A:$A,0)),""))) -> 106 | T69: =IF($A69="Class of 2022","",IFERROR(INDEX(CAT4_2022_2023!$I:$I,MATCH($B69,CAT4_2022_2023!$A:$A,0)),IFERROR(INDEX(CAT4_2021_2022!$I:$I,MATCH($B69,CAT4_2021_2022!$A:$A,0)),""))) -> 102 | U69: =IF($A69="Class of 2022","",IFERROR(INDEX(CAT4_2022_2023!$J:$J,MATCH($B69,CAT4_2022_2023!$A:$A,0)),IFERROR(INDEX(CAT4_2021_2022!$J:$J,MATCH($B69,CAT4_2021_2022!$A:$A,0)),""))) -> 94 | W69: 2023 admissions; 2019 accepted list; CAT new students
A70: Class of 2023 | B70: 30663400377 | C70: Omar Saad Al Bader | D70: Doha Preparatory School for Boys | E70: General | F70: 100 | I70: B2 | J70: 167 | K70: =IF(J70="","",J70/250*100) -> 66.8 | L70: 63 | M70: =IF(L70="","",L70/50*100) -> 126 | N70: =IF(COUNT(R70:U70)=0,"",ROUND(AVERAGE(R70:U70),0)) -> 101 | O70: =IF(N70="","",N70/142*100) -> 71.126761 | P70: =IF(COUNT(K70,M70,O70)=0,"",AVERAGE(K70,M70,O70)) -> 87.975587 | Q70: =IF($A70="Class of 2022","",IFERROR(INDEX(CAT4_2022_2023!$F:$F,MATCH($B70,CAT4_2022_2023!$A:$A,0)),IFERROR(INDEX(CAT4_2021_2022!$F:$F,MATCH($B70,CAT4_2021_2022!$A:$A,0)),""))) -> No bias | R70: =IF($A70="Class of 2022","",IFERROR(INDEX(CAT4_2022_2023!$G:$G,MATCH($B70,CAT4_2022_2023!$A:$A,0)),IFERROR(INDEX(CAT4_2021_2022!$G:$G,MATCH($B70,CAT4_2021_2022!$A:$A,0)),""))) -> 96 | S70: =IF($A70="Class of 2022","",IFERROR(INDEX(CAT4_2022_2023!$H:$H,MATCH($B70,CAT4_2022_2023!$A:$A,0)),IFERROR(INDEX(CAT4_2021_2022!$H:$H,MATCH($B70,CAT4_2021_2022!$A:$A,0)),""))) -> 100 | T70: =IF($A70="Class of 2022","",IFERROR(INDEX(CAT4_2022_2023!$I:$I,MATCH($B70,CAT4_2022_2023!$A:$A,0)),IFERROR(INDEX(CAT4_2021_2022!$I:$I,MATCH($B70,CAT4_2021_2022!$A:$A,0)),""))) -> 107 | U70: =IF($A70="Class of 2022","",IFERROR(INDEX(CAT4_2022_2023!$J:$J,MATCH($B70,CAT4_2022_2023!$A:$A,0)),IFERROR(INDEX(CAT4_2021_2022!$J:$J,MATCH($B70,CAT4_2021_2022!$A:$A,0)),""))) -> 99 | W70: 2023 admissions; 2019 accepted list; CAT new students
A71: Class of 2023 | B71: 30663404073 | C71: Faisal Ahmad Al Maslamani | D71: Al Maha English School - Pri - Boys | E71: British | F71: 70 | I71: B1 | J71: 137 | K71: =IF(J71="","",J71/250*100) -> 54.8 | L71: 55 | M71: =IF(L71="","",L71/50*100) -> 110 | N71: =IF(COUNT(R71:U71)=0,"",ROUND(AVERAGE(R71:U71),0)) -> 103 | O71: =IF(N71="","",N71/142*100) -> 72.535211 | P71: =IF(COUNT(K71,M71,O71)=0,"",AVERAGE(K71,M71,O71)) -> 79.111737 | Q71: =IF($A71="Class of 2022","",IFERROR(INDEX(CAT4_2022_2023!$F:$F,MATCH($B71,CAT4_2022_2023!$A:$A,0)),IFERROR(INDEX(CAT4_2021_2022!$F:$F,MATCH($B71,CAT4_2021_2022!$A:$A,0)),""))) -> Moderate spatial bias | R71: =IF($A71="Class of 2022","",IFERROR(INDEX(CAT4_2022_2023!$G:$G,MATCH($B71,CAT4_2022_2023!$A:$A,0)),IFERROR(INDEX(CAT4_2021_2022!$G:$G,MATCH($B71,CAT4_2021_2022!$A:$A,0)),""))) -> 83 | S71: =IF($A71="Class of 2022","",IFERROR(INDEX(CAT4_2022_2023!$H:$H,MATCH($B71,CAT4_2022_2023!$A:$A,0)),IFERROR(INDEX(CAT4_2021_2022!$H:$H,MATCH($B71,CAT4_2021_2022!$A:$A,0)),""))) -> 118 | T71: =IF($A71="Class of 2022","",IFERROR(INDEX(CAT4_2022_2023!$I:$I,MATCH($B71,CAT4_2022_2023!$A:$A,0)),IFERROR(INDEX(CAT4_2021_2022!$I:$I,MATCH($B71,CAT4_2021_2022!$A:$A,0)),""))) -> 106 | U71: =IF($A71="Class of 2022","",IFERROR(INDEX(CAT4_2022_2023!$J:$J,MATCH($B71,CAT4_2022_2023!$A:$A,0)),IFERROR(INDEX(CAT4_2021_2022!$J:$J,MATCH($B71,CAT4_2021_2022!$A:$A,0)),""))) -> 106 | W71: 2023 admissions; 2019 accepted list; CAT new students
A72: Class of 2023 | B72: 30563400581 | C72: Mohammed Jassem Al Buainain | D72: Abd al-Rahman Bin Jassim Preparatory School for Boys | E72: General | F72: 94 | I72: B1 | J72: 100 | K72: =IF(J72="","",J72/250*100) -> 40 | L72: 73 | M72: =IF(L72="","",L72/50*100) -> 146 | N72: =IF(COUNT(R72:U72)=0,"",ROUND(AVERAGE(R72:U72),0)) -> 112 | O72: =IF(N72="","",N72/142*100) -> 78.873239 | P72: =IF(COUNT(K72,M72,O72)=0,"",AVERAGE(K72,M72,O72)) -> 88.29108 | Q72: =IF($A72="Class of 2022","",IFERROR(INDEX(CAT4_2022_2023!$F:$F,MATCH($B72,CAT4_2022_2023!$A:$A,0)),IFERROR(INDEX(CAT4_2021_2022!$F:$F,MATCH($B72,CAT4_2021_2022!$A:$A,0)),""))) -> Extreme spatial bias | R72: =IF($A72="Class of 2022","",IFERROR(INDEX(CAT4_2022_2023!$G:$G,MATCH($B72,CAT4_2022_2023!$A:$A,0)),IFERROR(INDEX(CAT4_2021_2022!$G:$G,MATCH($B72,CAT4_2021_2022!$A:$A,0)),""))) -> 74 | S72: =IF($A72="Class of 2022","",IFERROR(INDEX(CAT4_2022_2023!$H:$H,MATCH($B72,CAT4_2022_2023!$A:$A,0)),IFERROR(INDEX(CAT4_2021_2022!$H:$H,MATCH($B72,CAT4_2021_2022!$A:$A,0)),""))) -> 127 | T72: =IF($A72="Class of 2022","",IFERROR(INDEX(CAT4_2022_2023!$I:$I,MATCH($B72,CAT4_2022_2023!$A:$A,0)),IFERROR(INDEX(CAT4_2021_2022!$I:$I,MATCH($B72,CAT4_2021_2022!$A:$A,0)),""))) -> 135 | U72: =IF($A72="Class of 2022","",IFERROR(INDEX(CAT4_2022_2023!$J:$J,MATCH($B72,CAT4_2022_2023!$A:$A,0)),IFERROR(INDEX(CAT4_2021_2022!$J:$J,MATCH($B72,CAT4_2021_2022!$A:$A,0)),""))) -> 111 | W72: 2023 admissions; 2019 accepted list; CAT new students
A73: Class of 2023 | B73: 30563402803 | C73: Mohammed Khamis Al Khulaifi | D73: Al-Ahnaf ibn Qays Preparatory School for Boys | E73: General | F73: 94 | I73: B1 | J73: 123 | K73: =IF(J73="","",J73/250*100) -> 49.2 | L73: 30 | M73: =IF(L73="","",L73/50*100) -> 60 | N73: =IF(COUNT(R73:U73)=0,"",ROUND(AVERAGE(R73:U73),0)) -> 101 | O73: =IF(N73="","",N73/142*100) -> 71.126761 | P73: =IF(COUNT(K73,M73,O73)=0,"",AVERAGE(K73,M73,O73)) -> 60.10892 | Q73: =IF($A73="Class of 2022","",IFERROR(INDEX(CAT4_2022_2023!$F:$F,MATCH($B73,CAT4_2022_2023!$A:$A,0)),IFERROR(INDEX(CAT4_2021_2022!$F:$F,MATCH($B73,CAT4_2021_2022!$A:$A,0)),""))) -> Extreme spatial bias | R73: =IF($A73="Class of 2022","",IFERROR(INDEX(CAT4_2022_2023!$G:$G,MATCH($B73,CAT4_2022_2023!$A:$A,0)),IFERROR(INDEX(CAT4_2021_2022!$G:$G,MATCH($B73,CAT4_2021_2022!$A:$A,0)),""))) -> 75 | S73: =IF($A73="Class of 2022","",IFERROR(INDEX(CAT4_2022_2023!$H:$H,MATCH($B73,CAT4_2022_2023!$A:$A,0)),IFERROR(INDEX(CAT4_2021_2022!$H:$H,MATCH($B73,CAT4_2021_2022!$A:$A,0)),""))) -> 114 | T73: =IF($A73="Class of 2022","",IFERROR(INDEX(CAT4_2022_2023!$I:$I,MATCH($B73,CAT4_2022_2023!$A:$A,0)),IFERROR(INDEX(CAT4_2021_2022!$I:$I,MATCH($B73,CAT4_2021_2022!$A:$A,0)),""))) -> 98 | U73: =IF($A73="Class of 2022","",IFERROR(INDEX(CAT4_2022_2023!$J:$J,MATCH($B73,CAT4_2022_2023!$A:$A,0)),IFERROR(INDEX(CAT4_2021_2022!$J:$J,MATCH($B73,CAT4_2021_2022!$A:$A,0)),""))) -> 116 | W73: 2023 admissions; 2019 accepted list; CAT new students
A74: Class of 2023 | B74: 30563405358 | C74: Mohammed Saed Al Hadad | D74: Doha Preparatory School for Boys | E74: General | F74: 89 | I74: B2 | J74: 150 | K74: =IF(J74="","",J74/250*100) -> 60 | L74: 70 | M74: =IF(L74="","",L74/50*100) -> 140 | N74: =IF(COUNT(R74:U74)=0,"",ROUND(AVERAGE(R74:U74),0)) -> 108 | O74: =IF(N74="","",N74/142*100) -> 76.056338 | P74: =IF(COUNT(K74,M74,O74)=0,"",AVERAGE(K74,M74,O74)) -> 92.018779 | Q74: =IF($A74="Class of 2022","",IFERROR(INDEX(CAT4_2022_2023!$F:$F,MATCH($B74,CAT4_2022_2023!$A:$A,0)),IFERROR(INDEX(CAT4_2021_2022!$F:$F,MATCH($B74,CAT4_2021_2022!$A:$A,0)),""))) -> Extreme spatial bias | R74: =IF($A74="Class of 2022","",IFERROR(INDEX(CAT4_2022_2023!$G:$G,MATCH($B74,CAT4_2022_2023!$A:$A,0)),IFERROR(INDEX(CAT4_2021_2022!$G:$G,MATCH($B74,CAT4_2021_2022!$A:$A,0)),""))) -> 91 | S74: =IF($A74="Class of 2022","",IFERROR(INDEX(CAT4_2022_2023!$H:$H,MATCH($B74,CAT4_2022_2023!$A:$A,0)),IFERROR(INDEX(CAT4_2021_2022!$H:$H,MATCH($B74,CAT4_2021_2022!$A:$A,0)),""))) -> 112 | T74: =IF($A74="Class of 2022","",IFERROR(INDEX(CAT4_2022_2023!$I:$I,MATCH($B74,CAT4_2022_2023!$A:$A,0)),IFERROR(INDEX(CAT4_2021_2022!$I:$I,MATCH($B74,CAT4_2021_2022!$A:$A,0)),""))) -> 107 | U74: =IF($A74="Class of 2022","",IFERROR(INDEX(CAT4_2022_2023!$J:$J,MATCH($B74,CAT4_2022_2023!$A:$A,0)),IFERROR(INDEX(CAT4_2021_2022!$J:$J,MATCH($B74,CAT4_2021_2022!$A:$A,0)),""))) -> 122 | W74: 2023 admissions; 2019 accepted list; CAT new students
A75: Class of 2023 | B75: 30563405777 | C75: Mohammed Abdulla Al Sulaiti | D75: Al Maha English School - Pri - Boys | E75: British | F75: 76 | I75: B2 | J75: 141 | K75: =IF(J75="","",J75/250*100) -> 56.4 | L75: 60 | M75: =IF(L75="","",L75/50*100) -> 120 | N75: =IF(COUNT(R75:U75)=0,"",ROUND(AVERAGE(R75:U75),0)) -> 85 | O75: =IF(N75="","",N75/142*100) -> 59.859155 | P75: =IF(COUNT(K75,M75,O75)=0,"",AVERAGE(K75,M75,O75)) -> 78.753052 | Q75: =IF($A75="Class of 2022","",IFERROR(INDEX(CAT4_2022_2023!$F:$F,MATCH($B75,CAT4_2022_2023!$A:$A,0)),IFERROR(INDEX(CAT4_2021_2022!$F:$F,MATCH($B75,CAT4_2021_2022!$A:$A,0)),""))) -> No bias | R75: =IF($A75="Class of 2022","",IFERROR(INDEX(CAT4_2022_2023!$G:$G,MATCH($B75,CAT4_2022_2023!$A:$A,0)),IFERROR(INDEX(CAT4_2021_2022!$G:$G,MATCH($B75,CAT4_2021_2022!$A:$A,0)),""))) -> 80 | S75: =IF($A75="Class of 2022","",IFERROR(INDEX(CAT4_2022_2023!$H:$H,MATCH($B75,CAT4_2022_2023!$A:$A,0)),IFERROR(INDEX(CAT4_2021_2022!$H:$H,MATCH($B75,CAT4_2021_2022!$A:$A,0)),""))) -> 91 | T75: =IF($A75="Class of 2022","",IFERROR(INDEX(CAT4_2022_2023!$I:$I,MATCH($B75,CAT4_2022_2023!$A:$A,0)),IFERROR(INDEX(CAT4_2021_2022!$I:$I,MATCH($B75,CAT4_2021_2022!$A:$A,0)),""))) -> 82 | U75: =IF($A75="Class of 2022","",IFERROR(INDEX(CAT4_2022_2023!$J:$J,MATCH($B75,CAT4_2022_2023!$A:$A,0)),IFERROR(INDEX(CAT4_2021_2022!$J:$J,MATCH($B75,CAT4_2021_2022!$A:$A,0)),""))) -> 88 | W75: 2023 admissions; 2019 accepted list; CAT new students
A76: Class of 2023 | B76: 30663403521 | C76: Mohammed Adnan Al Ansari | D76: Doha Preparatory School for Boys | E76: General | F76: 98 | I76: B2 | J76: 148 | K76: =IF(J76="","",J76/250*100) -> 59.2 | L76: 93 | M76: =IF(L76="","",L76/50*100) -> 186 | N76: =IF(COUNT(R76:U76)=0,"",ROUND(AVERAGE(R76:U76),0)) -> 112 | O76: =IF(N76="","",N76/142*100) -> 78.873239 | P76: =IF(COUNT(K76,M76,O76)=0,"",AVERAGE(K76,M76,O76)) -> 108.02441 | Q76: =IF($A76="Class of 2022","",IFERROR(INDEX(CAT4_2022_2023!$F:$F,MATCH($B76,CAT4_2022_2023!$A:$A,0)),IFERROR(INDEX(CAT4_2021_2022!$F:$F,MATCH($B76,CAT4_2021_2022!$A:$A,0)),""))) -> No bias | R76: =IF($A76="Class of 2022","",IFERROR(INDEX(CAT4_2022_2023!$G:$G,MATCH($B76,CAT4_2022_2023!$A:$A,0)),IFERROR(INDEX(CAT4_2021_2022!$G:$G,MATCH($B76,CAT4_2021_2022!$A:$A,0)),""))) -> 108 | S76: =IF($A76="Class of 2022","",IFERROR(INDEX(CAT4_2022_2023!$H:$H,MATCH($B76,CAT4_2022_2023!$A:$A,0)),IFERROR(INDEX(CAT4_2021_2022!$H:$H,MATCH($B76,CAT4_2021_2022!$A:$A,0)),""))) -> 125 | T76: =IF($A76="Class of 2022","",IFERROR(INDEX(CAT4_2022_2023!$I:$I,MATCH($B76,CAT4_2022_2023!$A:$A,0)),IFERROR(INDEX(CAT4_2021_2022!$I:$I,MATCH($B76,CAT4_2021_2022!$A:$A,0)),""))) -> 105 | U76: =IF($A76="Class of 2022","",IFERROR(INDEX(CAT4_2022_2023!$J:$J,MATCH($B76,CAT4_2022_2023!$A:$A,0)),IFERROR(INDEX(CAT4_2021_2022!$J:$J,MATCH($B76,CAT4_2021_2022!$A:$A,0)),""))) -> 111 | W76: 2023 admissions; 2019 accepted list; CAT new students
A77: Class of 2023 | B77: 30663404167 | C77: Mohammed Ghanem Al Naimi | D77: Umar ibn Al-Khattab Preparatory School for Boys | E77: General | F77: 90 | I77: B2 | J77: 142 | K77: =IF(J77="","",J77/250*100) -> 56.8 | L77: 85 | M77: =IF(L77="","",L77/50*100) -> 170 | N77: =IF(COUNT(R77:U77)=0,"",ROUND(AVERAGE(R77:U77),0)) -> 107 | O77: =IF(N77="","",N77/142*100) -> 75.352113 | P77: =IF(COUNT(K77,M77,O77)=0,"",AVERAGE(K77,M77,O77)) -> 100.71737 | Q77: =IF($A77="Class of 2022","",IFERROR(INDEX(CAT4_2022_2023!$F:$F,MATCH($B77,CAT4_2022_2023!$A:$A,0)),IFERROR(INDEX(CAT4_2021_2022!$F:$F,MATCH($B77,CAT4_2021_2022!$A:$A,0)),""))) -> No bias | R77: =IF($A77="Class of 2022","",IFERROR(INDEX(CAT4_2022_2023!$G:$G,MATCH($B77,CAT4_2022_2023!$A:$A,0)),IFERROR(INDEX(CAT4_2021_2022!$G:$G,MATCH($B77,CAT4_2021_2022!$A:$A,0)),""))) -> 101 | S77: =IF($A77="Class of 2022","",IFERROR(INDEX(CAT4_2022_2023!$H:$H,MATCH($B77,CAT4_2022_2023!$A:$A,0)),IFERROR(INDEX(CAT4_2021_2022!$H:$H,MATCH($B77,CAT4_2021_2022!$A:$A,0)),""))) -> 110 | T77: =IF($A77="Class of 2022","",IFERROR(INDEX(CAT4_2022_2023!$I:$I,MATCH($B77,CAT4_2022_2023!$A:$A,0)),IFERROR(INDEX(CAT4_2021_2022!$I:$I,MATCH($B77,CAT4_2021_2022!$A:$A,0)),""))) -> 116 | U77: =IF($A77="Class of 2022","",IFERROR(INDEX(CAT4_2022_2023!$J:$J,MATCH($B77,CAT4_2022_2023!$A:$A,0)),IFERROR(INDEX(CAT4_2021_2022!$J:$J,MATCH($B77,CAT4_2021_2022!$A:$A,0)),""))) -> 100 | W77: 2023 admissions; 2019 accepted list; CAT new students
A78: Class of 2023 | B78: 30563405218 | C78: Ahmad Khalid Al Hail | D78: Abu Bakr as-Siddiq Preparatory School for Boys | E78: General | F78: 99 | I78: B2 | J78: 136 | K78: =IF(J78="","",J78/250*100) -> 54.4 | L78: 48 | M78: =IF(L78="","",L78/50*100) -> 96 | N78: =IF(COUNT(R78:U78)=0,"",ROUND(AVERAGE(R78:U78),0)) -> 99 | O78: =IF(N78="","",N78/142*100) -> 69.71831 | P78: =IF(COUNT(K78,M78,O78)=0,"",AVERAGE(K78,M78,O78)) -> 73.37277 | Q78: =IF($A78="Class of 2022","",IFERROR(INDEX(CAT4_2022_2023!$F:$F,MATCH($B78,CAT4_2022_2023!$A:$A,0)),IFERROR(INDEX(CAT4_2021_2022!$F:$F,MATCH($B78,CAT4_2021_2022!$A:$A,0)),""))) -> Extreme spatial bias | R78: =IF($A78="Class of 2022","",IFERROR(INDEX(CAT4_2022_2023!$G:$G,MATCH($B78,CAT4_2022_2023!$A:$A,0)),IFERROR(INDEX(CAT4_2021_2022!$G:$G,MATCH($B78,CAT4_2021_2022!$A:$A,0)),""))) -> 81 | S78: =IF($A78="Class of 2022","",IFERROR(INDEX(CAT4_2022_2023!$H:$H,MATCH($B78,CAT4_2022_2023!$A:$A,0)),IFERROR(INDEX(CAT4_2021_2022!$H:$H,MATCH($B78,CAT4_2021_2022!$A:$A,0)),""))) -> 93 | T78: =IF($A78="Class of 2022","",IFERROR(INDEX(CAT4_2022_2023!$I:$I,MATCH($B78,CAT4_2022_2023!$A:$A,0)),IFERROR(INDEX(CAT4_2021_2022!$I:$I,MATCH($B78,CAT4_2021_2022!$A:$A,0)),""))) -> 115 | U78: =IF($A78="Class of 2022","",IFERROR(INDEX(CAT4_2022_2023!$J:$J,MATCH($B78,CAT4_2022_2023!$A:$A,0)),IFERROR(INDEX(CAT4_2021_2022!$J:$J,MATCH($B78,CAT4_2021_2022!$A:$A,0)),""))) -> 105 | W78: 2023 admissions; 2019 accepted list; CAT new students
... A82: Class of 2023 | B82: 30563404248 | C82: Hamad Nasser Murad | D82: Abu Bakr as-Siddiq Preparatory School for Boys | E82: General | F82: 88 | I82: B1 | J82: 124 | K82: =IF(J82="","",J82/250*100) -> 49.6 | L82: 53 | M82: =IF(L82="","",L82/50*100) -> 106 | N82: =IF(COUNT(R82:U82)=0,"",ROUND(AVERAGE(R82:U82),0)) -> 86 | O82: =IF(N82="","",N82/142*100) -> 60.56338 | P82: =IF(COUNT(K82,M82,O82)=0,"",AVERAGE(K82,M82,O82)) -> 72.05446 | Q82: =IF($A82="Class of 2022","",IFERROR(INDEX(CAT4_2022_2023!$F:$F,MATCH($B82,CAT4_2022_2023!$A:$A,0)),IFERROR(INDEX(CAT4_2021_2022!$F:$F,MATCH($B82,CAT4_2021_2022!$A:$A,0)),""))) -> No bias | R82: =IF($A82="Class of 2022","",IFERROR(INDEX(CAT4_2022_2023!$G:$G,MATCH($B82,CAT4_2022_2023!$A:$A,0)),IFERROR(INDEX(CAT4_2021_2022!$G:$G,MATCH($B82,CAT4_2021_2022!$A:$A,0)),""))) -> 77 | S82: =IF($A82="Class of 2022","",IFERROR(INDEX(CAT4_2022_2023!$H:$H,MATCH($B82,CAT4_2022_2023!$A:$A,0)),IFERROR(INDEX(CAT4_2021_2022!$H:$H,MATCH($B82,CAT4_2021_2022!$A:$A,0)),""))) -> 96 | T82: =IF($A82="Class of 2022","",IFERROR(INDEX(CAT4_2022_2023!$I:$I,MATCH($B82,CAT4_2022_2023!$A:$A,0)),IFERROR(INDEX(CAT4_2021_2022!$I:$I,MATCH($B82,CAT4_2021_2022!$A:$A,0)),""))) -> 86 | U82: =IF($A82="Class of 2022","",IFERROR(INDEX(CAT4_2022_2023!$J:$J,MATCH($B82,CAT4_2022_2023!$A:$A,0)),IFERROR(INDEX(CAT4_2021_2022!$J:$J,MATCH($B82,CAT4_2021_2022!$A:$A,0)),""))) -> 86 | W82: 2023 admissions; 2019 accepted list; CAT new students
A83: Class of 2023 | B83: 30563400308 | C83: Saleh Naser Al Nuaimi | D83: The Gulf English School - Pri Prep Sec - Mixed | E83: IB,British | F83: 4a | I83: B1 | J83: 123 | K83: =IF(J83="","",J83/250*100) -> 49.2 | L83: 53 | M83: =IF(L83="","",L83/50*100) -> 106 | N83: =IF(COUNT(R83:U83)=0,"",ROUND(AVERAGE(R83:U83),0)) -> 84 | O83: =IF(N83="","",N83/142*100) -> 59.15493 | P83: =IF(COUNT(K83,M83,O83)=0,"",AVERAGE(K83,M83,O83)) -> 71.451643 | Q83: =IF($A83="Class of 2022","",IFERROR(INDEX(CAT4_2022_2023!$F:$F,MATCH($B83,CAT4_2022_2023!$A:$A,0)),IFERROR(INDEX(CAT4_2021_2022!$F:$F,MATCH($B83,CAT4_2021_2022!$A:$A,0)),""))) -> No bias | R83: =IF($A83="Class of 2022","",IFERROR(INDEX(CAT4_2022_2023!$G:$G,MATCH($B83,CAT4_2022_2023!$A:$A,0)),IFERROR(INDEX(CAT4_2021_2022!$G:$G,MATCH($B83,CAT4_2021_2022!$A:$A,0)),""))) -> 73 | S83: =IF($A83="Class of 2022","",IFERROR(INDEX(CAT4_2022_2023!$H:$H,MATCH($B83,CAT4_2022_2023!$A:$A,0)),IFERROR(INDEX(CAT4_2021_2022!$H:$H,MATCH($B83,CAT4_2021_2022!$A:$A,0)),""))) -> 101 | T83: =IF($A83="Class of 2022","",IFERROR(INDEX(CAT4_2022_2023!$I:$I,MATCH($B83,CAT4_2022_2023!$A:$A,0)),IFERROR(INDEX(CAT4_2021_2022!$I:$I,MATCH($B83,CAT4_2021_2022!$A:$A,0)),""))) -> 82 | U83: =IF($A83="Class of 2022","",IFERROR(INDEX(CAT4_2022_2023!$J:$J,MATCH($B83,CAT4_2022_2023!$A:$A,0)),IFERROR(INDEX(CAT4_2021_2022!$J:$J,MATCH($B83,CAT4_2021_2022!$A:$A,0)),""))) -> 80 | W83: 2023 admissions; 2019 accepted list; CAT new students
A84: Class of 2023 | B84: 30663400376 | C84: Abdulla Saad Al Bader | D84: Doha Preparatory School for Boys | E84: General | F84: 95 | I84: B1 | J84: 130 | K84: =IF(J84="","",J84/250*100) -> 52 | L84: 58 | M84: =IF(L84="","",L84/50*100) -> 116 | N84: =IF(COUNT(R84:U84)=0,"",ROUND(AVERAGE(R84:U84),0)) -> 97 | O84: =IF(N84="","",N84/142*100) -> 68.309859 | P84: =IF(COUNT(K84,M84,O84)=0,"",AVERAGE(K84,M84,O84)) -> 78.769953 | Q84: =IF($A84="Class of 2022","",IFERROR(INDEX(CAT4_2022_2023!$F:$F,MATCH($B84,CAT4_2022_2023!$A:$A,0)),IFERROR(INDEX(CAT4_2021_2022!$F:$F,MATCH($B84,CAT4_2021_2022!$A:$A,0)),""))) -> Mild spatial bias | R84: =IF($A84="Class of 2022","",IFERROR(INDEX(CAT4_2022_2023!$G:$G,MATCH($B84,CAT4_2022_2023!$A:$A,0)),IFERROR(INDEX(CAT4_2021_2022!$G:$G,MATCH($B84,CAT4_2021_2022!$A:$A,0)),""))) -> 76 | S84: =IF($A84="Class of 2022","",IFERROR(INDEX(CAT4_2022_2023!$H:$H,MATCH($B84,CAT4_2022_2023!$A:$A,0)),IFERROR(INDEX(CAT4_2021_2022!$H:$H,MATCH($B84,CAT4_2021_2022!$A:$A,0)),""))) -> 106 | T84: =IF($A84="Class of 2022","",IFERROR(INDEX(CAT4_2022_2023!$I:$I,MATCH($B84,CAT4_2022_2023!$A:$A,0)),IFERROR(INDEX(CAT4_2021_2022!$I:$I,MATCH($B84,CAT4_2021_2022!$A:$A,0)),""))) -> 112 | U84: =IF($A84="Class of 2022","",IFERROR(INDEX(CAT4_2022_2023!$J:$J,MATCH($B84,CAT4_2022_2023!$A:$A,0)),IFERROR(INDEX(CAT4_2021_2022!$J:$J,MATCH($B84,CAT4_2021_2022!$A:$A,0)),""))) -> 92 | W84: 2023 admissions; 2019 accepted list; CAT new students
A85: Class of 2023 | B85: 30563405584 | C85: Abdulla Abdulrahman Alhammadi | D85: Doha Preparatory School for Boys | E85: General | F85: 90 | I85: B1 | J85: 132 | K85: =IF(J85="","",J85/250*100) -> 52.8 | L85: 38 | M85: =IF(L85="","",L85/50*100) -> 76 | N85: =IF(COUNT(R85:U85)=0,"",ROUND(AVERAGE(R85:U85),0)) -> 96 | O85: =IF(N85="","",N85/142*100) -> 67.605634 | P85: =IF(COUNT(K85,M85,O85)=0,"",AVERAGE(K85,M85,O85)) -> 65.468545 | Q85: =IF($A85="Class of 2022","",IFERROR(INDEX(CAT4_2022_2023!$F:$F,MATCH($B85,CAT4_2022_2023!$A:$A,0)),IFERROR(INDEX(CAT4_2021_2022!$F:$F,MATCH($B85,CAT4_2021_2022!$A:$A,0)),""))) -> Mild spatial bias | R85: =IF($A85="Class of 2022","",IFERROR(INDEX(CAT4_2022_2023!$G:$G,MATCH($B85,CAT4_2022_2023!$A:$A,0)),IFERROR(INDEX(CAT4_2021_2022!$G:$G,MATCH($B85,CAT4_2021_2022!$A:$A,0)),""))) -> 86 | S85: =IF($A85="Class of 2022","",IFERROR(INDEX(CAT4_2022_2023!$H:$H,MATCH($B85,CAT4_2022_2023!$A:$A,0)),IFERROR(INDEX(CAT4_2021_2022!$H:$H,MATCH($B85,CAT4_2021_2022!$A:$A,0)),""))) -> 91 | T85: =IF($A85="Class of 2022","",IFERROR(INDEX(CAT4_2022_2023!$I:$I,MATCH($B85,CAT4_2022_2023!$A:$A,0)),IFERROR(INDEX(CAT4_2021_2022!$I:$I,MATCH($B85,CAT4_2021_2022!$A:$A,0)),""))) -> 107 | U85: =IF($A85="Class of 2022","",IFERROR(INDEX(CAT4_2022_2023!$J:$J,MATCH($B85,CAT4_2022_2023!$A:$A,0)),IFERROR(INDEX(CAT4_2021_2022!$J:$J,MATCH($B85,CAT4_2021_2022!$A:$A,0)),""))) -> 98 | W85: 2023 admissions; 2019 accepted list; CAT new students
A86: Class of 2023 | B86: 30536400091 | C86: Abdulla Mohammed Almaraghi | D86: Abu Bakr as-Siddiq Preparatory School for Boys | E86: General | F86: 95 | I86: B2 | J86: 147 | K86: =IF(J86="","",J86/250*100) -> 58.8 | L86: 38 | M86: =IF(L86="","",L86/50*100) -> 76 | N86: =IF(COUNT(R86:U86)=0,"",ROUND(AVERAGE(R86:U86),0)) -> 93 | O86: =IF(N86="","",N86/142*100) -> 65.492958 | P86: =IF(COUNT(K86,M86,O86)=0,"",AVERAGE(K86,M86,O86)) -> 66.764319 | Q86: =IF($A86="Class of 2022","",IFERROR(INDEX(CAT4_2022_2023!$F:$F,MATCH($B86,CAT4_2022_2023!$A:$A,0)),IFERROR(INDEX(CAT4_2021_2022!$F:$F,MATCH($B86,CAT4_2021_2022!$A:$A,0)),""))) -> Extreme spatial bias | R86: =IF($A86="Class of 2022","",IFERROR(INDEX(CAT4_2022_2023!$G:$G,MATCH($B86,CAT4_2022_2023!$A:$A,0)),IFERROR(INDEX(CAT4_2021_2022!$G:$G,MATCH($B86,CAT4_2021_2022!$A:$A,0)),""))) -> 71 | S86: =IF($A86="Class of 2022","",IFERROR(INDEX(CAT4_2022_2023!$H:$H,MATCH($B86,CAT4_2022_2023!$A:$A,0)),IFERROR(INDEX(CAT4_2021_2022!$H:$H,MATCH($B86,CAT4_2021_2022!$A:$A,0)),""))) -> 107 | T86: =IF($A86="Class of 2022","",IFERROR(INDEX(CAT4_2022_2023!$I:$I,MATCH($B86,CAT4_2022_2023!$A:$A,0)),IFERROR(INDEX(CAT4_2021_2022!$I:$I,MATCH($B86,CAT4_2021_2022!$A:$A,0)),""))) -> 91 | U86: =IF($A86="Class of 2022","",IFERROR(INDEX(CAT4_2022_2023!$J:$J,MATCH($B86,CAT4_2022_2023!$A:$A,0)),IFERROR(INDEX(CAT4_2021_2022!$J:$J,MATCH($B86,CAT4_2021_2022!$A:$A,0)),""))) -> 102 | W86: 2023 admissions; 2019 accepted list; CAT new students
A87: Class of 2023 | B87: 30563400922 | C87: Ali Ahmad Jamali | D87: Al Maha English School - Pri - Boys | E87: British | F87: 79 | I87: B2 | J87: 160 | K87: =IF(J87="","",J87/250*100) -> 64 | L87: 68 | M87: =IF(L87="","",L87/50*100) -> 136 | N87: =IF(COUNT(R87:U87)=0,"",ROUND(AVERAGE(R87:U87),0)) -> 109 | O87: =IF(N87="","",N87/142*100) -> 76.760563 | P87: =IF(COUNT(K87,M87,O87)=0,"",AVERAGE(K87,M87,O87)) -> 92.253521 | Q87: =IF($A87="Class of 2022","",IFERROR(INDEX(CAT4_2022_2023!$F:$F,MATCH($B87,CAT4_2022_2023!$A:$A,0)),IFERROR(INDEX(CAT4_2021_2022!$F:$F,MATCH($B87,CAT4_2021_2022!$A:$A,0)),""))) -> Extreme spatial bias | R87: =IF($A87="Class of 2022","",IFERROR(INDEX(CAT4_2022_2023!$G:$G,MATCH($B87,CAT4_2022_2023!$A:$A,0)),IFERROR(INDEX(CAT4_2021_2022!$G:$G,MATCH($B87,CAT4_2021_2022!$A:$A,0)),""))) -> 86 | S87: =IF($A87="Class of 2022","",IFERROR(INDEX(CAT4_2022_2023!$H:$H,MATCH($B87,CAT4_2022_2023!$A:$A,0)),IFERROR(INDEX(CAT4_2021_2022!$H:$H,MATCH($B87,CAT4_2021_2022!$A:$A,0)),""))) -> 114 | T87: =IF($A87="Class of 2022","",IFERROR(INDEX(CAT4_2022_2023!$I:$I,MATCH($B87,CAT4_2022_2023!$A:$A,0)),IFERROR(INDEX(CAT4_2021_2022!$I:$I,MATCH($B87,CAT4_2021_2022!$A:$A,0)),""))) -> 111 | U87: =IF($A87="Class of 2022","",IFERROR(INDEX(CAT4_2022_2023!$J:$J,MATCH($B87,CAT4_2022_2023!$A:$A,0)),IFERROR(INDEX(CAT4_2021_2022!$J:$J,MATCH($B87,CAT4_2021_2022!$A:$A,0)),""))) -> 125 | W87: 2023 admissions; 2019 accepted list; CAT new students
A88: Class of 2023 | B88: 30563403733 | C88: Ali Rashid Alboainain | D88: Abd al-Rahman Bin Jassim Preparatory School for Boys | E88: General | F88: 96 | I88: C | J88: 189 | K88: =IF(J88="","",J88/250*100) -> 75.6 | L88: 83 | M88: =IF(L88="","",L88/50*100) -> 166 | N88: =IF(COUNT(R88:U88)=0,"",ROUND(AVERAGE(R88:U88),0)) -> 116 | O88: =IF(N88="","",N88/142*100) -> 81.690141 | P88: =IF(COUNT(K88,M88,O88)=0,"",AVERAGE(K88,M88,O88)) -> 107.76338 | Q88: =IF($A88="Class of 2022","",IFERROR(INDEX(CAT4_2022_2023!$F:$F,MATCH($B88,CAT4_2022_2023!$A:$A,0)),IFERROR(INDEX(CAT4_2021_2022!$F:$F,MATCH($B88,CAT4_2021_2022!$A:$A,0)),""))) -> No bias | R88: =IF($A88="Class of 2022","",IFERROR(INDEX(CAT4_2022_2023!$G:$G,MATCH($B88,CAT4_2022_2023!$A:$A,0)),IFERROR(INDEX(CAT4_2021_2022!$G:$G,MATCH($B88,CAT4_2021_2022!$A:$A,0)),""))) -> 114 | S88: =IF($A88="Class of 2022","",IFERROR(INDEX(CAT4_2022_2023!$H:$H,MATCH($B88,CAT4_2022_2023!$A:$A,0)),IFERROR(INDEX(CAT4_2021_2022!$H:$H,MATCH($B88,CAT4_2021_2022!$A:$A,0)),""))) -> 117 | T88: =IF($A88="Class of 2022","",IFERROR(INDEX(CAT4_2022_2023!$I:$I,MATCH($B88,CAT4_2022_2023!$A:$A,0)),IFERROR(INDEX(CAT4_2021_2022!$I:$I,MATCH($B88,CAT4_2021_2022!$A:$A,0)),""))) -> 126 | U88: =IF($A88="Class of 2022","",IFERROR(INDEX(CAT4_2022_2023!$J:$J,MATCH($B88,CAT4_2022_2023!$A:$A,0)),IFERROR(INDEX(CAT4_2021_2022!$J:$J,MATCH($B88,CAT4_2021_2022!$A:$A,0)),""))) -> 107 | W88: 2023 admissions; 2019 accepted list; CAT new students
A89: Class of 2023 | B89: 30663402646 | C89: Ghanim Rashid Al Naimi | D89: Al-Furqan Private Prep - Boys | E89: SEC Curriculium | F89: 100 | I89: B2 | J89: 144 | K89: =IF(J89="","",J89/250*100) -> 57.6 | L89: 73 | M89: =IF(L89="","",L89/50*100) -> 146 | N89: =IF(COUNT(R89:U89)=0,"",ROUND(AVERAGE(R89:U89),0)) -> 101 | O89: =IF(N89="","",N89/142*100) -> 71.126761 | P89: =IF(COUNT(K89,M89,O89)=0,"",AVERAGE(K89,M89,O89)) -> 91.575587 | Q89: =IF($A89="Class of 2022","",IFERROR(INDEX(CAT4_2022_2023!$F:$F,MATCH($B89,CAT4_2022_2023!$A:$A,0)),IFERROR(INDEX(CAT4_2021_2022!$F:$F,MATCH($B89,CAT4_2021_2022!$A:$A,0)),""))) -> No bias | R89: =IF($A89="Class of 2022","",IFERROR(INDEX(CAT4_2022_2023!$G:$G,MATCH($B89,CAT4_2022_2023!$A:$A,0)),IFERROR(INDEX(CAT4_2021_2022!$G:$G,MATCH($B89,CAT4_2021_2022!$A:$A,0)),""))) -> 95 | S89: =IF($A89="Class of 2022","",IFERROR(INDEX(CAT4_2022_2023!$H:$H,MATCH($B89,CAT4_2022_2023!$A:$A,0)),IFERROR(INDEX(CAT4_2021_2022!$H:$H,MATCH($B89,CAT4_2021_2022!$A:$A,0)),""))) -> 113 | T89: =IF($A89="Class of 2022","",IFERROR(INDEX(CAT4_2022_2023!$I:$I,MATCH($B89,CAT4_2022_2023!$A:$A,0)),IFERROR(INDEX(CAT4_2021_2022!$I:$I,MATCH($B89,CAT4_2021_2022!$A:$A,0)),""))) -> 102 | U89: =IF($A89="Class of 2022","",IFERROR(INDEX(CAT4_2022_2023!$J:$J,MATCH($B89,CAT4_2022_2023!$A:$A,0)),IFERROR(INDEX(CAT4_2021_2022!$J:$J,MATCH($B89,CAT4_2021_2022!$A:$A,0)),""))) -> 94 | W89: 2023 admissions; 2019 accepted list; CAT new students
A90: Class of 2023 | B90: 30563404386 | C90: Mohammed Adel Alyafei | D90: Abu Ubaydah Preparatory School for Boys | E90: General | F90: 99 | I90: B1 | J90: 120 | K90: =IF(J90="","",J90/250*100) -> 48 | L90: 43 | M90: =IF(L90="","",L90/50*100) -> 86 | N90: =IF(COUNT(R90:U90)=0,"",ROUND(AVERAGE(R90:U90),0)) -> 92 | O90: =IF(N90="","",N90/142*100) -> 64.788732 | P90: =IF(COUNT(K90,M90,O90)=0,"",AVERAGE(K90,M90,O90)) -> 66.262911 | Q90: =IF($A90="Class of 2022","",IFERROR(INDEX(CAT4_2022_2023!$F:$F,MATCH($B90,CAT4_2022_2023!$A:$A,0)),IFERROR(INDEX(CAT4_2021_2022!$F:$F,MATCH($B90,CAT4_2021_2022!$A:$A,0)),""))) -> Moderate spatial bias | R90: =IF($A90="Class of 2022","",IFERROR(INDEX(CAT4_2022_2023!$G:$G,MATCH($B90,CAT4_2022_2023!$A:$A,0)),IFERROR(INDEX(CAT4_2021_2022!$G:$G,MATCH($B90,CAT4_2021_2022!$A:$A,0)),""))) -> 70 | S90: =IF($A90="Class of 2022","",IFERROR(INDEX(CAT4_2022_2023!$H:$H,MATCH($B90,CAT4_2022_2023!$A:$A,0)),IFERROR(INDEX(CAT4_2021_2022!$H:$H,MATCH($B90,CAT4_2021_2022!$A:$A,0)),""))) -> 102 | T90: =IF($A90="Class of 2022","",IFERROR(INDEX(CAT4_2022_2023!$I:$I,MATCH($B90,CAT4_2022_2023!$A:$A,0)),IFERROR(INDEX(CAT4_2021_2022!$I:$I,MATCH($B90,CAT4_2021_2022!$A:$A,0)),""))) -> 100 | U90: =IF($A90="Class of 2022","",IFERROR(INDEX(CAT4_2022_2023!$J:$J,MATCH($B90,CAT4_2022_2023!$A:$A,0)),IFERROR(INDEX(CAT4_2021_2022!$J:$J,MATCH($B90,CAT4_2021_2022!$A:$A,0)),""))) -> 96 | W90: 2023 admissions; 2019 accepted list; CAT new students
A91: Class of 2023 | B91: 30563402667 | C91: Mansoor Saif Al Khaldi | D91: Al Maha English School - Pri - Boys | E91: British | F91: 90 | I91: C | J91: 185 | K91: =IF(J91="","",J91/250*100) -> 74 | L91: 78 | M91: =IF(L91="","",L91/50*100) -> 156 | N91: =IF(COUNT(R91:U91)=0,"",ROUND(AVERAGE(R91:U91),0)) -> 107 | O91: =IF(N91="","",N91/142*100) -> 75.352113 | P91: =IF(COUNT(K91,M91,O91)=0,"",AVERAGE(K91,M91,O91)) -> 101.78404 | Q91: =IF($A91="Class of 2022","",IFERROR(INDEX(CAT4_2022_2023!$F:$F,MATCH($B91,CAT4_2022_2023!$A:$A,0)),IFERROR(INDEX(CAT4_2021_2022!$F:$F,MATCH($B91,CAT4_2021_2022!$A:$A,0)),""))) -> Mild spatial bias | R91: =IF($A91="Class of 2022","",IFERROR(INDEX(CAT4_2022_2023!$G:$G,MATCH($B91,CAT4_2022_2023!$A:$A,0)),IFERROR(INDEX(CAT4_2021_2022!$G:$G,MATCH($B91,CAT4_2021_2022!$A:$A,0)),""))) -> 96 | S91: =IF($A91="Class of 2022","",IFERROR(INDEX(CAT4_2022_2023!$H:$H,MATCH($B91,CAT4_2022_2023!$A:$A,0)),IFERROR(INDEX(CAT4_2021_2022!$H:$H,MATCH($B91,CAT4_2021_2022!$A:$A,0)),""))) -> 121 | T91: =IF($A91="Class of 2022","",IFERROR(INDEX(CAT4_2022_2023!$I:$I,MATCH($B91,CAT4_2022_2023!$A:$A,0)),IFERROR(INDEX(CAT4_2021_2022!$I:$I,MATCH($B91,CAT4_2021_2022!$A:$A,0)),""))) -> 103 | U91: =IF($A91="Class of 2022","",IFERROR(INDEX(CAT4_2022_2023!$J:$J,MATCH($B91,CAT4_2022_2023!$A:$A,0)),IFERROR(INDEX(CAT4_2021_2022!$J:$J,MATCH($B91,CAT4_2021_2022!$A:$A,0)),""))) -> 109 | W91: 2023 admissions; 2019 accepted list; CAT new students
A92: Class of 2023 | B92: 30563405881 | C92: Nasser Saeed Bawazir | D92: Umar ibn Al-Khattab Preparatory School for Boys | E92: General | F92: 86 | I92: B1 | J92: 132 | K92: =IF(J92="","",J92/250*100) -> 52.8 | L92: 50 | M92: =IF(L92="","",L92/50*100) -> 100 | N92: =IF(COUNT(R92:U92)=0,"",ROUND(AVERAGE(R92:U92),0)) -> 101 | O92: =IF(N92="","",N92/142*100) -> 71.126761 | P92: =IF(COUNT(K92,M92,O92)=0,"",AVERAGE(K92,M92,O92)) -> 74.642254 | Q92: =IF($A92="Class of 2022","",IFERROR(INDEX(CAT4_2022_2023!$F:$F,MATCH($B92,CAT4_2022_2023!$A:$A,0)),IFERROR(INDEX(CAT4_2021_2022!$F:$F,MATCH($B92,CAT4_2021_2022!$A:$A,0)),""))) -> Moderate spatial bias | R92: =IF($A92="Class of 2022","",IFERROR(INDEX(CAT4_2022_2023!$G:$G,MATCH($B92,CAT4_2022_2023!$A:$A,0)),IFERROR(INDEX(CAT4_2021_2022!$G:$G,MATCH($B92,CAT4_2021_2022!$A:$A,0)),""))) -> 85 | S92: =IF($A92="Class of 2022","",IFERROR(INDEX(CAT4_2022_2023!$H:$H,MATCH($B92,CAT4_2022_2023!$A:$A,0)),IFERROR(INDEX(CAT4_2021_2022!$H:$H,MATCH($B92,CAT4_2021_2022!$A:$A,0)),""))) -> 101 | T92: =IF($A92="Class of 2022","",IFERROR(INDEX(CAT4_2022_2023!$I:$I,MATCH($B92,CAT4_2022_2023!$A:$A,0)),IFERROR(INDEX(CAT4_2021_2022!$I:$I,MATCH($B92,CAT4_2021_2022!$A:$A,0)),""))) -> 113 | U92: =IF($A92="Class of 2022","",IFERROR(INDEX(CAT4_2022_2023!$J:$J,MATCH($B92,CAT4_2022_2023!$A:$A,0)),IFERROR(INDEX(CAT4_2021_2022!$J:$J,MATCH($B92,CAT4_2021_2022!$A:$A,0)),""))) -> 105 | W92: 2023 admissions; 2019 accepted list; CAT new students
A93: Class of 2023 | B93: 30563402191 | C93: Nasser Ali Qamber | D93: Abd al-Rahman Bin Jassim Preparatory School for Boys | E93: General | F93: 94 | I93: B1 | J93: 136 | K93: =IF(J93="","",J93/250*100) -> 54.4 | L93: 50 | M93: =IF(L93="","",L93/50*100) -> 100 | N93: =IF(COUNT(R93:U93)=0,"",ROUND(AVERAGE(R93:U93),0)) -> 95 | O93: =IF(N93="","",N93/142*100) -> 66.901408 | P93: =IF(COUNT(K93,M93,O93)=0,"",AVERAGE(K93,M93,O93)) -> 73.767136 | Q93: =IF($A93="Class of 2022","",IFERROR(INDEX(CAT4_2022_2023!$F:$F,MATCH($B93,CAT4_2022_2023!$A:$A,0)),IFERROR(INDEX(CAT4_2021_2022!$F:$F,MATCH($B93,CAT4_2021_2022!$A:$A,0)),""))) -> Moderate spatial bias | R93: =IF($A93="Class of 2022","",IFERROR(INDEX(CAT4_2022_2023!$G:$G,MATCH($B93,CAT4_2022_2023!$A:$A,0)),IFERROR(INDEX(CAT4_2021_2022!$G:$G,MATCH($B93,CAT4_2021_2022!$A:$A,0)),""))) -> 71 | S93: =IF($A93="Class of 2022","",IFERROR(INDEX(CAT4_2022_2023!$H:$H,MATCH($B93,CAT4_2022_2023!$A:$A,0)),IFERROR(INDEX(CAT4_2021_2022!$H:$H,MATCH($B93,CAT4_2021_2022!$A:$A,0)),""))) -> 116 | T93: =IF($A93="Class of 2022","",IFERROR(INDEX(CAT4_2022_2023!$I:$I,MATCH($B93,CAT4_2022_2023!$A:$A,0)),IFERROR(INDEX(CAT4_2021_2022!$I:$I,MATCH($B93,CAT4_2021_2022!$A:$A,0)),""))) -> 96 | U93: =IF($A93="Class of 2022","",IFERROR(INDEX(CAT4_2022_2023!$J:$J,MATCH($B93,CAT4_2022_2023!$A:$A,0)),IFERROR(INDEX(CAT4_2021_2022!$J:$J,MATCH($B93,CAT4_2021_2022!$A:$A,0)),""))) -> 96 | W93: 2023 admissions; 2019 accepted list; CAT new students
A94: Class of 2023 | B94: 30563402232 | C94: Nayef Abdulla Saleh | D94: Abd al-Rahman Bin Jassim Preparatory School for Boys | E94: General | F94: 98 | I94: B1 | J94: 134 | K94: =IF(J94="","",J94/250*100) -> 53.6 | L94: 43 | M94: =IF(L94="","",L94/50*100) -> 86 | N94: =IF(COUNT(R94:U94)=0,"",ROUND(AVERAGE(R94:U94),0)) -> 83 | O94: =IF(N94="","",N94/142*100) -> 58.450704 | P94: =IF(COUNT(K94,M94,O94)=0,"",AVERAGE(K94,M94,O94)) -> 66.016901 | Q94: =IF($A94="Class of 2022","",IFERROR(INDEX(CAT4_2022_2023!$F:$F,MATCH($B94,CAT4_2022_2023!$A:$A,0)),IFERROR(INDEX(CAT4_2021_2022!$F:$F,MATCH($B94,CAT4_2021_2022!$A:$A,0)),""))) -> Mild spatial bias | R94: =IF($A94="Class of 2022","",IFERROR(INDEX(CAT4_2022_2023!$G:$G,MATCH($B94,CAT4_2022_2023!$A:$A,0)),IFERROR(INDEX(CAT4_2021_2022!$G:$G,MATCH($B94,CAT4_2021_2022!$A:$A,0)),""))) -> 71 | S94: =IF($A94="Class of 2022","",IFERROR(INDEX(CAT4_2022_2023!$H:$H,MATCH($B94,CAT4_2022_2023!$A:$A,0)),IFERROR(INDEX(CAT4_2021_2022!$H:$H,MATCH($B94,CAT4_2021_2022!$A:$A,0)),""))) -> 101 | T94: =IF($A94="Class of 2022","",IFERROR(INDEX(CAT4_2022_2023!$I:$I,MATCH($B94,CAT4_2022_2023!$A:$A,0)),IFERROR(INDEX(CAT4_2021_2022!$I:$I,MATCH($B94,CAT4_2021_2022!$A:$A,0)),""))) -> 74 | U94: =IF($A94="Class of 2022","",IFERROR(INDEX(CAT4_2022_2023!$J:$J,MATCH($B94,CAT4_2022_2023!$A:$A,0)),IFERROR(INDEX(CAT4_2021_2022!$J:$J,MATCH($B94,CAT4_2021_2022!$A:$A,0)),""))) -> 84 | W94: 2023 admissions; 2019 accepted list; CAT new students
A95: Class of 2023 | B95: 30563401178 | C95: Jaber Nasser Al Boenain | D95: Abd al-Rahman Bin Jassim Preparatory School for Boys | E95: General | F95: 90 | I95: B1 | J95: 126 | K95: =IF(J95="","",J95/250*100) -> 50.4 | L95: 65 | M95: =IF(L95="","",L95/50*100) -> 130 | N95: =IF(COUNT(R95:U95)=0,"",ROUND(AVERAGE(R95:U95),0)) -> 94 | O95: =IF(N95="","",N95/142*100) -> 66.197183 | P95: =IF(COUNT(K95,M95,O95)=0,"",AVERAGE(K95,M95,O95)) -> 82.199061 | Q95: =IF($A95="Class of 2022","",IFERROR(INDEX(CAT4_2022_2023!$F:$F,MATCH($B95,CAT4_2022_2023!$A:$A,0)),IFERROR(INDEX(CAT4_2021_2022!$F:$F,MATCH($B95,CAT4_2021_2022!$A:$A,0)),""))) -> Moderate spatial bias | R95: =IF($A95="Class of 2022","",IFERROR(INDEX(CAT4_2022_2023!$G:$G,MATCH($B95,CAT4_2022_2023!$A:$A,0)),IFERROR(INDEX(CAT4_2021_2022!$G:$G,MATCH($B95,CAT4_2021_2022!$A:$A,0)),""))) -> 76 | S95: =IF($A95="Class of 2022","",IFERROR(INDEX(CAT4_2022_2023!$H:$H,MATCH($B95,CAT4_2022_2023!$A:$A,0)),IFERROR(INDEX(CAT4_2021_2022!$H:$H,MATCH($B95,CAT4_2021_2022!$A:$A,0)),""))) -> 99 | T95: =IF($A95="Class of 2022","",IFERROR(INDEX(CAT4_2022_2023!$I:$I,MATCH($B95,CAT4_2022_2023!$A:$A,0)),IFERROR(INDEX(CAT4_2021_2022!$I:$I,MATCH($B95,CAT4_2021_2022!$A:$A,0)),""))) -> 101 | U95: =IF($A95="Class of 2022","",IFERROR(INDEX(CAT4_2022_2023!$J:$J,MATCH($B95,CAT4_2022_2023!$A:$A,0)),IFERROR(INDEX(CAT4_2021_2022!$J:$J,MATCH($B95,CAT4_2021_2022!$A:$A,0)),""))) -> 100 | W95: 2023 admissions; 2019 accepted list; CAT new students
... A97: Class of 2023 | B97: 30563403079 | C97: Saleh Zaid Shajea | D97: Al-Imam Al-Shafi'i Preparatory School for Boys | E97: General | F97: 98 | I97: B1 | J97: 130 | K97: =IF(J97="","",J97/250*100) -> 52 | L97: 65 | M97: =IF(L97="","",L97/50*100) -> 130 | N97: =IF(COUNT(R97:U97)=0,"",ROUND(AVERAGE(R97:U97),0)) -> 93 | O97: =IF(N97="","",N97/142*100) -> 65.492958 | P97: =IF(COUNT(K97,M97,O97)=0,"",AVERAGE(K97,M97,O97)) -> 82.497653 | Q97: =IF($A97="Class of 2022","",IFERROR(INDEX(CAT4_2022_2023!$F:$F,MATCH($B97,CAT4_2022_2023!$A:$A,0)),IFERROR(INDEX(CAT4_2021_2022!$F:$F,MATCH($B97,CAT4_2021_2022!$A:$A,0)),""))) -> Mild spatial bias | R97: =IF($A97="Class of 2022","",IFERROR(INDEX(CAT4_2022_2023!$G:$G,MATCH($B97,CAT4_2022_2023!$A:$A,0)),IFERROR(INDEX(CAT4_2021_2022!$G:$G,MATCH($B97,CAT4_2021_2022!$A:$A,0)),""))) -> 75 | S97: =IF($A97="Class of 2022","",IFERROR(INDEX(CAT4_2022_2023!$H:$H,MATCH($B97,CAT4_2022_2023!$A:$A,0)),IFERROR(INDEX(CAT4_2021_2022!$H:$H,MATCH($B97,CAT4_2021_2022!$A:$A,0)),""))) -> 103 | T97: =IF($A97="Class of 2022","",IFERROR(INDEX(CAT4_2022_2023!$I:$I,MATCH($B97,CAT4_2022_2023!$A:$A,0)),IFERROR(INDEX(CAT4_2021_2022!$I:$I,MATCH($B97,CAT4_2021_2022!$A:$A,0)),""))) -> 98 | U97: =IF($A97="Class of 2022","",IFERROR(INDEX(CAT4_2022_2023!$J:$J,MATCH($B97,CAT4_2022_2023!$A:$A,0)),IFERROR(INDEX(CAT4_2021_2022!$J:$J,MATCH($B97,CAT4_2021_2022!$A:$A,0)),""))) -> 94 | W97: 2023 admissions; 2019 accepted list; CAT new students
A98: Class of 2023 | B98: 30563404218 | C98: عبدالرحمن محمد عبدالله ال نشيره المرى | I98: B1 | J98: 100 | K98: =IF(J98="","",J98/250*100) -> 40 | L98: 60 | M98: =IF(L98="","",L98/50*100) -> 120 | N98: =IF(COUNT(R98:U98)=0,"",ROUND(AVERAGE(R98:U98),0)) -> 100 | O98: =IF(N98="","",N98/142*100) -> 70.422535 | P98: =IF(COUNT(K98,M98,O98)=0,"",AVERAGE(K98,M98,O98)) -> 76.807512 | Q98: =IF($A98="Class of 2022","",IFERROR(INDEX(CAT4_2022_2023!$F:$F,MATCH($B98,CAT4_2022_2023!$A:$A,0)),IFERROR(INDEX(CAT4_2021_2022!$F:$F,MATCH($B98,CAT4_2021_2022!$A:$A,0)),""))) -> No bias | R98: =IF($A98="Class of 2022","",IFERROR(INDEX(CAT4_2022_2023!$G:$G,MATCH($B98,CAT4_2022_2023!$A:$A,0)),IFERROR(INDEX(CAT4_2021_2022!$G:$G,MATCH($B98,CAT4_2021_2022!$A:$A,0)),""))) -> 91 | S98: =IF($A98="Class of 2022","",IFERROR(INDEX(CAT4_2022_2023!$H:$H,MATCH($B98,CAT4_2022_2023!$A:$A,0)),IFERROR(INDEX(CAT4_2021_2022!$H:$H,MATCH($B98,CAT4_2021_2022!$A:$A,0)),""))) -> 109 | T98: =IF($A98="Class of 2022","",IFERROR(INDEX(CAT4_2022_2023!$I:$I,MATCH($B98,CAT4_2022_2023!$A:$A,0)),IFERROR(INDEX(CAT4_2021_2022!$I:$I,MATCH($B98,CAT4_2021_2022!$A:$A,0)),""))) -> 96 | U98: =IF($A98="Class of 2022","",IFERROR(INDEX(CAT4_2022_2023!$J:$J,MATCH($B98,CAT4_2022_2023!$A:$A,0)),IFERROR(INDEX(CAT4_2021_2022!$J:$J,MATCH($B98,CAT4_2021_2022!$A:$A,0)),""))) -> 102 | W98: 2023 admissions; CAT4 2022/2023 fallback domains
A99: Class of 2023 | B99: 30563401789 | C99: Abdulla Ismail Hussain | D99: Abu Bakr as-Siddiq Preparatory School for Boys | E99: General | F99: 89 | I99: B1 | J99: 131 | K99: =IF(J99="","",J99/250*100) -> 52.4 | L99: 35 | M99: =IF(L99="","",L99/50*100) -> 70 | N99: =IF(COUNT(R99:U99)=0,"",ROUND(AVERAGE(R99:U99),0)) -> 86 | O99: =IF(N99="","",N99/142*100) -> 60.56338 | P99: =IF(COUNT(K99,M99,O99)=0,"",AVERAGE(K99,M99,O99)) -> 60.987793 | Q99: =IF($A99="Class of 2022","",IFERROR(INDEX(CAT4_2022_2023!$F:$F,MATCH($B99,CAT4_2022_2023!$A:$A,0)),IFERROR(INDEX(CAT4_2021_2022!$F:$F,MATCH($B99,CAT4_2021_2022!$A:$A,0)),""))) -> Mild spatial bias | R99: =IF($A99="Class of 2022","",IFERROR(INDEX(CAT4_2022_2023!$G:$G,MATCH($B99,CAT4_2022_2023!$A:$A,0)),IFERROR(INDEX(CAT4_2021_2022!$G:$G,MATCH($B99,CAT4_2021_2022!$A:$A,0)),""))) -> 76 | S99: =IF($A99="Class of 2022","",IFERROR(INDEX(CAT4_2022_2023!$H:$H,MATCH($B99,CAT4_2022_2023!$A:$A,0)),IFERROR(INDEX(CAT4_2021_2022!$H:$H,MATCH($B99,CAT4_2021_2022!$A:$A,0)),""))) -> 86 | T99: =IF($A99="Class of 2022","",IFERROR(INDEX(CAT4_2022_2023!$I:$I,MATCH($B99,CAT4_2022_2023!$A:$A,0)),IFERROR(INDEX(CAT4_2021_2022!$I:$I,MATCH($B99,CAT4_2021_2022!$A:$A,0)),""))) -> 89 | U99: =IF($A99="Class of 2022","",IFERROR(INDEX(CAT4_2022_2023!$J:$J,MATCH($B99,CAT4_2022_2023!$A:$A,0)),IFERROR(INDEX(CAT4_2021_2022!$J:$J,MATCH($B99,CAT4_2021_2022!$A:$A,0)),""))) -> 92 | W99: 2023 admissions; 2019 accepted list; CAT new students
A100: Class of 2023 | B100: 30563404670 | C100: Abdulla Ali Al Shaiba | D100: Abu Bakr as-Siddiq Preparatory School for Boys | E100: General | F100: 95 | I100: B1 | J100: 134 | K100: =IF(J100="","",J100/250*100) -> 53.6 | L100: 45 | M100: =IF(L100="","",L100/50*100) -> 90 | N100: =IF(COUNT(R100:U100)=0,"",ROUND(AVERAGE(R100:U100),0)) -> 105 | O100: =IF(N100="","",N100/142*100) -> 73.943662 | P100: =IF(COUNT(K100,M100,O100)=0,"",AVERAGE(K100,M100,O100)) -> 72.514554 | Q100: =IF($A100="Class of 2022","",IFERROR(INDEX(CAT4_2022_2023!$F:$F,MATCH($B100,CAT4_2022_2023!$A:$A,0)),IFERROR(INDEX(CAT4_2021_2022!$F:$F,MATCH($B100,CAT4_2021_2022!$A:$A,0)),""))) -> Moderate spatial bias | R100: =IF($A100="Class of 2022","",IFERROR(INDEX(CAT4_2022_2023!$G:$G,MATCH($B100,CAT4_2022_2023!$A:$A,0)),IFERROR(INDEX(CAT4_2021_2022!$G:$G,MATCH($B100,CAT4_2021_2022!$A:$A,0)),""))) -> 95 | S100: =IF($A100="Class of 2022","",IFERROR(INDEX(CAT4_2022_2023!$H:$H,MATCH($B100,CAT4_2022_2023!$A:$A,0)),IFERROR(INDEX(CAT4_2021_2022!$H:$H,MATCH($B100,CAT4_2021_2022!$A:$A,0)),""))) -> 103 | T100: =IF($A100="Class of 2022","",IFERROR(INDEX(CAT4_2022_2023!$I:$I,MATCH($B100,CAT4_2022_2023!$A:$A,0)),IFERROR(INDEX(CAT4_2021_2022!$I:$I,MATCH($B100,CAT4_2021_2022!$A:$A,0)),""))) -> 105 | U100: =IF($A100="Class of 2022","",IFERROR(INDEX(CAT4_2022_2023!$J:$J,MATCH($B100,CAT4_2022_2023!$A:$A,0)),IFERROR(INDEX(CAT4_2021_2022!$J:$J,MATCH($B100,CAT4_2021_2022!$A:$A,0)),""))) -> 116 | W100: 2023 admissions; 2019 accepted list; CAT new students
A101: Class of 2023 | B101: 30563404796 | C101: Fahad Mohammed Abdulla | D101: Abd al-Rahman Bin Jassim Preparatory School for Boys | E101: General | F101: 100 | I101: B1 | J101: 128 | K101: =IF(J101="","",J101/250*100) -> 51.2 | L101: 63 | M101: =IF(L101="","",L101/50*100) -> 126 | N101: =IF(COUNT(R101:U101)=0,"",ROUND(AVERAGE(R101:U101),0)) -> 99 | O101: =IF(N101="","",N101/142*100) -> 69.71831 | P101: =IF(COUNT(K101,M101,O101)=0,"",AVERAGE(K101,M101,O101)) -> 82.306103 | Q101: =IF($A101="Class of 2022","",IFERROR(INDEX(CAT4_2022_2023!$F:$F,MATCH($B101,CAT4_2022_2023!$A:$A,0)),IFERROR(INDEX(CAT4_2021_2022!$F:$F,MATCH($B101,CAT4_2021_2022!$A:$A,0)),""))) -> Moderate spatial bias | R101: =IF($A101="Class of 2022","",IFERROR(INDEX(CAT4_2022_2023!$G:$G,MATCH($B101,CAT4_2022_2023!$A:$A,0)),IFERROR(INDEX(CAT4_2021_2022!$G:$G,MATCH($B101,CAT4_2021_2022!$A:$A,0)),""))) -> 65 | S101: =IF($A101="Class of 2022","",IFERROR(INDEX(CAT4_2022_2023!$H:$H,MATCH($B101,CAT4_2022_2023!$A:$A,0)),IFERROR(INDEX(CAT4_2021_2022!$H:$H,MATCH($B101,CAT4_2021_2022!$A:$A,0)),""))) -> 116 | T101: =IF($A101="Class of 2022","",IFERROR(INDEX(CAT4_2022_2023!$I:$I,MATCH($B101,CAT4_2022_2023!$A:$A,0)),IFERROR(INDEX(CAT4_2021_2022!$I:$I,MATCH($B101,CAT4_2021_2022!$A:$A,0)),""))) -> 117 | U101: =IF($A101="Class of 2022","",IFERROR(INDEX(CAT4_2022_2023!$J:$J,MATCH($B101,CAT4_2022_2023!$A:$A,0)),IFERROR(INDEX(CAT4_2021_2022!$J:$J,MATCH($B101,CAT4_2021_2022!$A:$A,0)),""))) -> 96 | W101: 2023 admissions; 2019 accepted list; CAT new students
A102: Class of 2023 | B102: 30563405391 | C102: Mohammed Ghanim Al Mahmoudi | D102: Ibn Khaldun Preparatory School for Boys | E102: General | F102: 90 | I102: B1 | J102: 131 | K102: =IF(J102="","",J102/250*100) -> 52.4 | L102: 48 | M102: =IF(L102="","",L102/50*100) -> 96 | N102: =IF(COUNT(R102:U102)=0,"",ROUND(AVERAGE(R102:U102),0)) -> 93 | O102: =IF(N102="","",N102/142*100) -> 65.492958 | P102: =IF(COUNT(K102,M102,O102)=0,"",AVERAGE(K102,M102,O102)) -> 71.297653 | Q102: =IF($A102="Class of 2022","",IFERROR(INDEX(CAT4_2022_2023!$F:$F,MATCH($B102,CAT4_2022_2023!$A:$A,0)),IFERROR(INDEX(CAT4_2021_2022!$F:$F,MATCH($B102,CAT4_2021_2022!$A:$A,0)),""))) -> Mild spatial bias | R102: =IF($A102="Class of 2022","",IFERROR(INDEX(CAT4_2022_2023!$G:$G,MATCH($B102,CAT4_2022_2023!$A:$A,0)),IFERROR(INDEX(CAT4_2021_2022!$G:$G,MATCH($B102,CAT4_2021_2022!$A:$A,0)),""))) -> 74 | S102: =IF($A102="Class of 2022","",IFERROR(INDEX(CAT4_2022_2023!$H:$H,MATCH($B102,CAT4_2022_2023!$A:$A,0)),IFERROR(INDEX(CAT4_2021_2022!$H:$H,MATCH($B102,CAT4_2021_2022!$A:$A,0)),""))) -> 108 | T102: =IF($A102="Class of 2022","",IFERROR(INDEX(CAT4_2022_2023!$I:$I,MATCH($B102,CAT4_2022_2023!$A:$A,0)),IFERROR(INDEX(CAT4_2021_2022!$I:$I,MATCH($B102,CAT4_2021_2022!$A:$A,0)),""))) -> 93 | U102: =IF($A102="Class of 2022","",IFERROR(INDEX(CAT4_2022_2023!$J:$J,MATCH($B102,CAT4_2022_2023!$A:$A,0)),IFERROR(INDEX(CAT4_2021_2022!$J:$J,MATCH($B102,CAT4_2021_2022!$A:$A,0)),""))) -> 96 | W102: 2023 admissions; 2019 accepted list; CAT new students
A103: Class of 2023 | B103: 30563406257 | C103: Mohammed Nasser Al Bader | D103: Umar ibn Al-Khattab Preparatory School for Boys | E103: General | F103: 95 | I103: B1 | J103: 132 | K103: =IF(J103="","",J103/250*100) -> 52.8 | L103: 68 | M103: =IF(L103="","",L103/50*100) -> 136 | N103: =IF(COUNT(R103:U103)=0,"",ROUND(AVERAGE(R103:U103),0)) -> 103 | O103: =IF(N103="","",N103/142*100) -> 72.535211 | P103: =IF(COUNT(K103,M103,O103)=0,"",AVERAGE(K103,M103,O103)) -> 87.111737 | Q103: =IF($A103="Class of 2022","",IFERROR(INDEX(CAT4_2022_2023!$F:$F,MATCH($B103,CAT4_2022_2023!$A:$A,0)),IFERROR(INDEX(CAT4_2021_2022!$F:$F,MATCH($B103,CAT4_2021_2022!$A:$A,0)),""))) -> Extreme spatial bias | R103: =IF($A103="Class of 2022","",IFERROR(INDEX(CAT4_2022_2023!$G:$G,MATCH($B103,CAT4_2022_2023!$A:$A,0)),IFERROR(INDEX(CAT4_2021_2022!$G:$G,MATCH($B103,CAT4_2021_2022!$A:$A,0)),""))) -> 80 | S103: =IF($A103="Class of 2022","",IFERROR(INDEX(CAT4_2022_2023!$H:$H,MATCH($B103,CAT4_2022_2023!$A:$A,0)),IFERROR(INDEX(CAT4_2021_2022!$H:$H,MATCH($B103,CAT4_2021_2022!$A:$A,0)),""))) -> 124 | T103: =IF($A103="Class of 2022","",IFERROR(INDEX(CAT4_2022_2023!$I:$I,MATCH($B103,CAT4_2022_2023!$A:$A,0)),IFERROR(INDEX(CAT4_2021_2022!$I:$I,MATCH($B103,CAT4_2021_2022!$A:$A,0)),""))) -> 102 | U103: =IF($A103="Class of 2022","",IFERROR(INDEX(CAT4_2022_2023!$J:$J,MATCH($B103,CAT4_2022_2023!$A:$A,0)),IFERROR(INDEX(CAT4_2021_2022!$J:$J,MATCH($B103,CAT4_2021_2022!$A:$A,0)),""))) -> 105 | W103: 2023 admissions; 2019 accepted list; CAT new students
A104: Class of 2023 | B104: 30563400415 | C104: Nasser Mohammed Al Ejail | D104: Umar ibn Al-Khattab Preparatory School for Boys | E104: General | F104: 94 | I104: B2 | J104: 154 | K104: =IF(J104="","",J104/250*100) -> 61.6 | L104: 55 | M104: =IF(L104="","",L104/50*100) -> 110 | N104: =IF(COUNT(R104:U104)=0,"",ROUND(AVERAGE(R104:U104),0)) -> 85 | O104: =IF(N104="","",N104/142*100) -> 59.859155 | P104: =IF(COUNT(K104,M104,O104)=0,"",AVERAGE(K104,M104,O104)) -> 77.153052 | Q104: =IF($A104="Class of 2022","",IFERROR(INDEX(CAT4_2022_2023!$F:$F,MATCH($B104,CAT4_2022_2023!$A:$A,0)),IFERROR(INDEX(CAT4_2021_2022!$F:$F,MATCH($B104,CAT4_2021_2022!$A:$A,0)),""))) -> No bias | R104: =IF($A104="Class of 2022","",IFERROR(INDEX(CAT4_2022_2023!$G:$G,MATCH($B104,CAT4_2022_2023!$A:$A,0)),IFERROR(INDEX(CAT4_2021_2022!$G:$G,MATCH($B104,CAT4_2021_2022!$A:$A,0)),""))) -> 89 | S104: =IF($A104="Class of 2022","",IFERROR(INDEX(CAT4_2022_2023!$H:$H,MATCH($B104,CAT4_2022_2023!$A:$A,0)),IFERROR(INDEX(CAT4_2021_2022!$H:$H,MATCH($B104,CAT4_2021_2022!$A:$A,0)),""))) -> 88 | T104: =IF($A104="Class of 2022","",IFERROR(INDEX(CAT4_2022_2023!$I:$I,MATCH($B104,CAT4_2022_2023!$A:$A,0)),IFERROR(INDEX(CAT4_2021_2022!$I:$I,MATCH($B104,CAT4_2021_2022!$A:$A,0)),""))) -> 80 | U104: =IF($A104="Class of 2022","",IFERROR(INDEX(CAT4_2022_2023!$J:$J,MATCH($B104,CAT4_2022_2023!$A:$A,0)),IFERROR(INDEX(CAT4_2021_2022!$J:$J,MATCH($B104,CAT4_2021_2022!$A:$A,0)),""))) -> 84 | W104: 2023 admissions; 2019 accepted list; CAT new students
A105: Class of 2023 | B105: 30563402884 | C105: Yousef Ahmad Al Badr | D105: Khalid Bin Ahmad Preparatory School for Boys | E105: General | F105: 95 | I105: B1 | J105: 135 | K105: =IF(J105="","",J105/250*100) -> 54 | L105: 40 | M105: =IF(L105="","",L105/50*100) -> 80 | N105: =IF(COUNT(R105:U105)=0,"",ROUND(AVERAGE(R105:U105),0)) -> 76 | O105: =IF(N105="","",N105/142*100) -> 53.521127 | P105: =IF(COUNT(K105,M105,O105)=0,"",AVERAGE(K105,M105,O105)) -> 62.507042 | Q105: =IF($A105="Class of 2022","",IFERROR(INDEX(CAT4_2022_2023!$F:$F,MATCH($B105,CAT4_2022_2023!$A:$A,0)),IFERROR(INDEX(CAT4_2021_2022!$F:$F,MATCH($B105,CAT4_2021_2022!$A:$A,0)),""))) -> Mild spatial bias | R105: =IF($A105="Class of 2022","",IFERROR(INDEX(CAT4_2022_2023!$G:$G,MATCH($B105,CAT4_2022_2023!$A:$A,0)),IFERROR(INDEX(CAT4_2021_2022!$G:$G,MATCH($B105,CAT4_2021_2022!$A:$A,0)),""))) -> 65 | S105: =IF($A105="Class of 2022","",IFERROR(INDEX(CAT4_2022_2023!$H:$H,MATCH($B105,CAT4_2022_2023!$A:$A,0)),IFERROR(INDEX(CAT4_2021_2022!$H:$H,MATCH($B105,CAT4_2021_2022!$A:$A,0)),""))) -> 82 | T105: =IF($A105="Class of 2022","",IFERROR(INDEX(CAT4_2022_2023!$I:$I,MATCH($B105,CAT4_2022_2023!$A:$A,0)),IFERROR(INDEX(CAT4_2021_2022!$I:$I,MATCH($B105,CAT4_2021_2022!$A:$A,0)),""))) -> 69 | U105: =IF($A105="Class of 2022","",IFERROR(INDEX(CAT4_2022_2023!$J:$J,MATCH($B105,CAT4_2022_2023!$A:$A,0)),IFERROR(INDEX(CAT4_2021_2022!$J:$J,MATCH($B105,CAT4_2021_2022!$A:$A,0)),""))) -> 88 | W105: 2023 admissions; 2019 accepted list; CAT new students
A106: Class of 2023 | B106: 30563404507 | C106: Turki Khalid Alsanadi | D106: Qatar Leadership Academy - Pri Prep Sec - Boys | E106: American,IB | F106: 92 | I106: B2 | J106: 169 | K106: =IF(J106="","",J106/250*100) -> 67.6 | L106: 98 | M106: =IF(L106="","",L106/50*100) -> 196 | N106: =IF(COUNT(R106:U106)=0,"",ROUND(AVERAGE(R106:U106),0)) -> 110 | O106: =IF(N106="","",N106/142*100) -> 77.464789 | P106: =IF(COUNT(K106,M106,O106)=0,"",AVERAGE(K106,M106,O106)) -> 113.68826 | Q106: =IF($A106="Class of 2022","",IFERROR(INDEX(CAT4_2022_2023!$F:$F,MATCH($B106,CAT4_2022_2023!$A:$A,0)),IFERROR(INDEX(CAT4_2021_2022!$F:$F,MATCH($B106,CAT4_2021_2022!$A:$A,0)),""))) -> Mild spatial bias | R106: =IF($A106="Class of 2022","",IFERROR(INDEX(CAT4_2022_2023!$G:$G,MATCH($B106,CAT4_2022_2023!$A:$A,0)),IFERROR(INDEX(CAT4_2021_2022!$G:$G,MATCH($B106,CAT4_2021_2022!$A:$A,0)),""))) -> 92 | S106: =IF($A106="Class of 2022","",IFERROR(INDEX(CAT4_2022_2023!$H:$H,MATCH($B106,CAT4_2022_2023!$A:$A,0)),IFERROR(INDEX(CAT4_2021_2022!$H:$H,MATCH($B106,CAT4_2021_2022!$A:$A,0)),""))) -> 126 | T106: =IF($A106="Class of 2022","",IFERROR(INDEX(CAT4_2022_2023!$I:$I,MATCH($B106,CAT4_2022_2023!$A:$A,0)),IFERROR(INDEX(CAT4_2021_2022!$I:$I,MATCH($B106,CAT4_2021_2022!$A:$A,0)),""))) -> 113 | U106: =IF($A106="Class of 2022","",IFERROR(INDEX(CAT4_2022_2023!$J:$J,MATCH($B106,CAT4_2022_2023!$A:$A,0)),IFERROR(INDEX(CAT4_2021_2022!$J:$J,MATCH($B106,CAT4_2021_2022!$A:$A,0)),""))) -> 109 | W106: 2023 admissions; 2019 accepted list; CAT new students
A107: Class of 2023 | B107: 30563403995 | C107: Hassan Ahmed Larri | D107: Abu Bakr as-Siddiq Preparatory School for Boys | E107: General | F107: 90 | I107: B1 | J107: 123 | K107: =IF(J107="","",J107/250*100) -> 49.2 | L107: 55 | M107: =IF(L107="","",L107/50*100) -> 110 | N107: =IF(COUNT(R107:U107)=0,"",ROUND(AVERAGE(R107:U107),0)) -> 100 | O107: =IF(N107="","",N107/142*100) -> 70.422535 | P107: =IF(COUNT(K107,M107,O107)=0,"",AVERAGE(K107,M107,O107)) -> 76.540845 | Q107: =IF($A107="Class of 2022","",IFERROR(INDEX(CAT4_2022_2023!$F:$F,MATCH($B107,CAT4_2022_2023!$A:$A,0)),IFERROR(INDEX(CAT4_2021_2022!$F:$F,MATCH($B107,CAT4_2021_2022!$A:$A,0)),""))) -> No bias | R107: =IF($A107="Class of 2022","",IFERROR(INDEX(CAT4_2022_2023!$G:$G,MATCH($B107,CAT4_2022_2023!$A:$A,0)),IFERROR(INDEX(CAT4_2021_2022!$G:$G,MATCH($B107,CAT4_2021_2022!$A:$A,0)),""))) -> 87 | S107: =IF($A107="Class of 2022","",IFERROR(INDEX(CAT4_2022_2023!$H:$H,MATCH($B107,CAT4_2022_2023!$A:$A,0)),IFERROR(INDEX(CAT4_2021_2022!$H:$H,MATCH($B107,CAT4_2021_2022!$A:$A,0)),""))) -> 107 | T107: =IF($A107="Class of 2022","",IFERROR(INDEX(CAT4_2022_2023!$I:$I,MATCH($B107,CAT4_2022_2023!$A:$A,0)),IFERROR(INDEX(CAT4_2021_2022!$I:$I,MATCH($B107,CAT4_2021_2022!$A:$A,0)),""))) -> 115 | U107: =IF($A107="Class of 2022","",IFERROR(INDEX(CAT4_2022_2023!$J:$J,MATCH($B107,CAT4_2022_2023!$A:$A,0)),IFERROR(INDEX(CAT4_2021_2022!$J:$J,MATCH($B107,CAT4_2021_2022!$A:$A,0)),""))) -> 92 | W107: 2023 admissions; 2019 accepted list; CAT new students
A108: Class of 2023 | B108: 30563402937 | C108: Abdulaziz Ali Alyafei | D108: Al Maha English School - Pri - Boys | E108: British | F108: 74 | I108: B1 | J108: 139 | K108: =IF(J108="","",J108/250*100) -> 55.6 | L108: 63 | M108: =IF(L108="","",L108/50*100) -> 126 | N108: =IF(COUNT(R108:U108)=0,"",ROUND(AVERAGE(R108:U108),0)) -> 101 | O108: =IF(N108="","",N108/142*100) -> 71.126761 | P108: =IF(COUNT(K108,M108,O108)=0,"",AVERAGE(K108,M108,O108)) -> 84.242254 | Q108: =IF($A108="Class of 2022","",IFERROR(INDEX(CAT4_2022_2023!$F:$F,MATCH($B108,CAT4_2022_2023!$A:$A,0)),IFERROR(INDEX(CAT4_2021_2022!$F:$F,MATCH($B108,CAT4_2021_2022!$A:$A,0)),""))) -> Extreme spatial bias | R108: =IF($A108="Class of 2022","",IFERROR(INDEX(CAT4_2022_2023!$G:$G,MATCH($B108,CAT4_2022_2023!$A:$A,0)),IFERROR(INDEX(CAT4_2021_2022!$G:$G,MATCH($B108,CAT4_2021_2022!$A:$A,0)),""))) -> 80 | S108: =IF($A108="Class of 2022","",IFERROR(INDEX(CAT4_2022_2023!$H:$H,MATCH($B108,CAT4_2022_2023!$A:$A,0)),IFERROR(INDEX(CAT4_2021_2022!$H:$H,MATCH($B108,CAT4_2021_2022!$A:$A,0)),""))) -> 105 | T108: =IF($A108="Class of 2022","",IFERROR(INDEX(CAT4_2022_2023!$I:$I,MATCH($B108,CAT4_2022_2023!$A:$A,0)),IFERROR(INDEX(CAT4_2021_2022!$I:$I,MATCH($B108,CAT4_2021_2022!$A:$A,0)),""))) -> 113 | U108: =IF($A108="Class of 2022","",IFERROR(INDEX(CAT4_2022_2023!$J:$J,MATCH($B108,CAT4_2022_2023!$A:$A,0)),IFERROR(INDEX(CAT4_2021_2022!$J:$J,MATCH($B108,CAT4_2021_2022!$A:$A,0)),""))) -> 107 | W108: 2023 admissions; 2019 accepted list; CAT new students
A109: Class of 2023 | B109: 30563404918 | C109: Abdulla Mohamed Al Obaidli | D109: Al Maha English School - Pri - Boys | E109: British | F109: 87 | I109: B2 | J109: 150 | K109: =IF(J109="","",J109/250*100) -> 60 | L109: 63 | M109: =IF(L109="","",L109/50*100) -> 126 | N109: =IF(COUNT(R109:U109)=0,"",ROUND(AVERAGE(R109:U109),0)) -> 97 | O109: =IF(N109="","",N109/142*100) -> 68.309859 | P109: =IF(COUNT(K109,M109,O109)=0,"",AVERAGE(K109,M109,O109)) -> 84.769953 | Q109: =IF($A109="Class of 2022","",IFERROR(INDEX(CAT4_2022_2023!$F:$F,MATCH($B109,CAT4_2022_2023!$A:$A,0)),IFERROR(INDEX(CAT4_2021_2022!$F:$F,MATCH($B109,CAT4_2021_2022!$A:$A,0)),""))) -> Moderate spatial bias | R109: =IF($A109="Class of 2022","",IFERROR(INDEX(CAT4_2022_2023!$G:$G,MATCH($B109,CAT4_2022_2023!$A:$A,0)),IFERROR(INDEX(CAT4_2021_2022!$G:$G,MATCH($B109,CAT4_2021_2022!$A:$A,0)),""))) -> 79 | S109: =IF($A109="Class of 2022","",IFERROR(INDEX(CAT4_2022_2023!$H:$H,MATCH($B109,CAT4_2022_2023!$A:$A,0)),IFERROR(INDEX(CAT4_2021_2022!$H:$H,MATCH($B109,CAT4_2021_2022!$A:$A,0)),""))) -> 114 | T109: =IF($A109="Class of 2022","",IFERROR(INDEX(CAT4_2022_2023!$I:$I,MATCH($B109,CAT4_2022_2023!$A:$A,0)),IFERROR(INDEX(CAT4_2021_2022!$I:$I,MATCH($B109,CAT4_2021_2022!$A:$A,0)),""))) -> 93 | U109: =IF($A109="Class of 2022","",IFERROR(INDEX(CAT4_2022_2023!$J:$J,MATCH($B109,CAT4_2022_2023!$A:$A,0)),IFERROR(INDEX(CAT4_2021_2022!$J:$J,MATCH($B109,CAT4_2021_2022!$A:$A,0)),""))) -> 100 | W109: 2023 admissions; 2019 accepted list; CAT new students
A110: Class of 2023 | B110: 30563406669 | C110: Fahad Mohammed Al Mohannadi | D110: Abdullah Bin Ali Al-Missned Preparatory School for Boys | E110: General | F110: 91 | I110: B1 | J110: 124 | K110: =IF(J110="","",J110/250*100) -> 49.6 | L110: 43 | M110: =IF(L110="","",L110/50*100) -> 86 | N110: =IF(COUNT(R110:U110)=0,"",ROUND(AVERAGE(R110:U110),0)) -> 92 | O110: =IF(N110="","",N110/142*100) -> 64.788732 | P110: =IF(COUNT(K110,M110,O110)=0,"",AVERAGE(K110,M110,O110)) -> 66.796244 | Q110: =IF($A110="Class of 2022","",IFERROR(INDEX(CAT4_2022_2023!$F:$F,MATCH($B110,CAT4_2022_2023!$A:$A,0)),IFERROR(INDEX(CAT4_2021_2022!$F:$F,MATCH($B110,CAT4_2021_2022!$A:$A,0)),""))) -> Moderate spatial bias | R110: =IF($A110="Class of 2022","",IFERROR(INDEX(CAT4_2022_2023!$G:$G,MATCH($B110,CAT4_2022_2023!$A:$A,0)),IFERROR(INDEX(CAT4_2021_2022!$G:$G,MATCH($B110,CAT4_2021_2022!$A:$A,0)),""))) -> 75 | S110: =IF($A110="Class of 2022","",IFERROR(INDEX(CAT4_2022_2023!$H:$H,MATCH($B110,CAT4_2022_2023!$A:$A,0)),IFERROR(INDEX(CAT4_2021_2022!$H:$H,MATCH($B110,CAT4_2021_2022!$A:$A,0)),""))) -> 105 | T110: =IF($A110="Class of 2022","",IFERROR(INDEX(CAT4_2022_2023!$I:$I,MATCH($B110,CAT4_2022_2023!$A:$A,0)),IFERROR(INDEX(CAT4_2021_2022!$I:$I,MATCH($B110,CAT4_2021_2022!$A:$A,0)),""))) -> 86 | U110: =IF($A110="Class of 2022","",IFERROR(INDEX(CAT4_2022_2023!$J:$J,MATCH($B110,CAT4_2022_2023!$A:$A,0)),IFERROR(INDEX(CAT4_2021_2022!$J:$J,MATCH($B110,CAT4_2021_2022!$A:$A,0)),""))) -> 100 | W110: 2023 admissions; 2019 accepted list; CAT new students
... A113: Class of 2023 | B113: 30563402682 | C113: Mohammed Ahmad Al Hashemi | D113: Al-Razi Preparatory School for Boys | E113: General | F113: 99 | I113: B2 | J113: 142 | K113: =IF(J113="","",J113/250*100) -> 56.8 | L113: 50 | M113: =IF(L113="","",L113/50*100) -> 100 | N113: =IF(COUNT(R113:U113)=0,"",ROUND(AVERAGE(R113:U113),0)) -> 84 | O113: =IF(N113="","",N113/142*100) -> 59.15493 | P113: =IF(COUNT(K113,M113,O113)=0,"",AVERAGE(K113,M113,O113)) -> 71.984977 | Q113: =IF($A113="Class of 2022","",IFERROR(INDEX(CAT4_2022_2023!$F:$F,MATCH($B113,CAT4_2022_2023!$A:$A,0)),IFERROR(INDEX(CAT4_2021_2022!$F:$F,MATCH($B113,CAT4_2021_2022!$A:$A,0)),""))) -> No bias | R113: =IF($A113="Class of 2022","",IFERROR(INDEX(CAT4_2022_2023!$G:$G,MATCH($B113,CAT4_2022_2023!$A:$A,0)),IFERROR(INDEX(CAT4_2021_2022!$G:$G,MATCH($B113,CAT4_2021_2022!$A:$A,0)),""))) -> 75 | S113: =IF($A113="Class of 2022","",IFERROR(INDEX(CAT4_2022_2023!$H:$H,MATCH($B113,CAT4_2022_2023!$A:$A,0)),IFERROR(INDEX(CAT4_2021_2022!$H:$H,MATCH($B113,CAT4_2021_2022!$A:$A,0)),""))) -> 86 | T113: =IF($A113="Class of 2022","",IFERROR(INDEX(CAT4_2022_2023!$I:$I,MATCH($B113,CAT4_2022_2023!$A:$A,0)),IFERROR(INDEX(CAT4_2021_2022!$I:$I,MATCH($B113,CAT4_2021_2022!$A:$A,0)),""))) -> 102 | U113: =IF($A113="Class of 2022","",IFERROR(INDEX(CAT4_2022_2023!$J:$J,MATCH($B113,CAT4_2022_2023!$A:$A,0)),IFERROR(INDEX(CAT4_2021_2022!$J:$J,MATCH($B113,CAT4_2021_2022!$A:$A,0)),""))) -> 73 | W113: 2023 admissions; 2019 accepted list; CAT new students
A114: Class of 2023 | B114: 30663404568 | C114: Mohammed Rashid Al Marri | D114: The Gulf English School - Pri Prep Sec - Mixed | E114: IB,British | F114: 4a | I114: B2 | J114: 150 | K114: =IF(J114="","",J114/250*100) -> 60 | L114: 75 | M114: =IF(L114="","",L114/50*100) -> 150 | N114: =IF(COUNT(R114:U114)=0,"",ROUND(AVERAGE(R114:U114),0)) -> 107 | O114: =IF(N114="","",N114/142*100) -> 75.352113 | P114: =IF(COUNT(K114,M114,O114)=0,"",AVERAGE(K114,M114,O114)) -> 95.117371 | Q114: =IF($A114="Class of 2022","",IFERROR(INDEX(CAT4_2022_2023!$F:$F,MATCH($B114,CAT4_2022_2023!$A:$A,0)),IFERROR(INDEX(CAT4_2021_2022!$F:$F,MATCH($B114,CAT4_2021_2022!$A:$A,0)),""))) -> No bias | R114: =IF($A114="Class of 2022","",IFERROR(INDEX(CAT4_2022_2023!$G:$G,MATCH($B114,CAT4_2022_2023!$A:$A,0)),IFERROR(INDEX(CAT4_2021_2022!$G:$G,MATCH($B114,CAT4_2021_2022!$A:$A,0)),""))) -> 94 | S114: =IF($A114="Class of 2022","",IFERROR(INDEX(CAT4_2022_2023!$H:$H,MATCH($B114,CAT4_2022_2023!$A:$A,0)),IFERROR(INDEX(CAT4_2021_2022!$H:$H,MATCH($B114,CAT4_2021_2022!$A:$A,0)),""))) -> 130 | T114: =IF($A114="Class of 2022","",IFERROR(INDEX(CAT4_2022_2023!$I:$I,MATCH($B114,CAT4_2022_2023!$A:$A,0)),IFERROR(INDEX(CAT4_2021_2022!$I:$I,MATCH($B114,CAT4_2021_2022!$A:$A,0)),""))) -> 106 | U114: =IF($A114="Class of 2022","",IFERROR(INDEX(CAT4_2022_2023!$J:$J,MATCH($B114,CAT4_2022_2023!$A:$A,0)),IFERROR(INDEX(CAT4_2021_2022!$J:$J,MATCH($B114,CAT4_2021_2022!$A:$A,0)),""))) -> 98 | W114: 2023 admissions; 2019 accepted list; CAT new students
A115: Class of 2023 | B115: 30563401453 | C115: Mohammed Saleh Al Kurbi | D115: Smaisima Preparatory School for Boys | E115: General | F115: 98 | I115: B2 | J115: 152 | K115: =IF(J115="","",J115/250*100) -> 60.8 | L115: 58 | M115: =IF(L115="","",L115/50*100) -> 116 | N115: =IF(COUNT(R115:U115)=0,"",ROUND(AVERAGE(R115:U115),0)) -> 102 | O115: =IF(N115="","",N115/142*100) -> 71.830986 | P115: =IF(COUNT(K115,M115,O115)=0,"",AVERAGE(K115,M115,O115)) -> 82.876995 | Q115: =IF($A115="Class of 2022","",IFERROR(INDEX(CAT4_2022_2023!$F:$F,MATCH($B115,CAT4_2022_2023!$A:$A,0)),IFERROR(INDEX(CAT4_2021_2022!$F:$F,MATCH($B115,CAT4_2021_2022!$A:$A,0)),""))) -> Mild spatial bias | R115: =IF($A115="Class of 2022","",IFERROR(INDEX(CAT4_2022_2023!$G:$G,MATCH($B115,CAT4_2022_2023!$A:$A,0)),IFERROR(INDEX(CAT4_2021_2022!$G:$G,MATCH($B115,CAT4_2021_2022!$A:$A,0)),""))) -> 89 | S115: =IF($A115="Class of 2022","",IFERROR(INDEX(CAT4_2022_2023!$H:$H,MATCH($B115,CAT4_2022_2023!$A:$A,0)),IFERROR(INDEX(CAT4_2021_2022!$H:$H,MATCH($B115,CAT4_2021_2022!$A:$A,0)),""))) -> 118 | T115: =IF($A115="Class of 2022","",IFERROR(INDEX(CAT4_2022_2023!$I:$I,MATCH($B115,CAT4_2022_2023!$A:$A,0)),IFERROR(INDEX(CAT4_2021_2022!$I:$I,MATCH($B115,CAT4_2021_2022!$A:$A,0)),""))) -> 98 | U115: =IF($A115="Class of 2022","",IFERROR(INDEX(CAT4_2022_2023!$J:$J,MATCH($B115,CAT4_2022_2023!$A:$A,0)),IFERROR(INDEX(CAT4_2021_2022!$J:$J,MATCH($B115,CAT4_2021_2022!$A:$A,0)),""))) -> 104 | W115: 2023 admissions; 2019 accepted list; CAT new students
A116: Class of 2024 | B116: 30663401831 | C116: AHMED ABDULAZIZ A A AL-MULLA | I116: B2 | J116: 161 | K116: =IF(J116="","",J116/250*100) -> 64.4 | L116: 21 | M116: =IF(L116="","",L116/50*100) -> 42 | N116: =IF(COUNT(R116:U116)=0,"",ROUND(AVERAGE(R116:U116),0)) -> 103 | O116: =IF(N116="","",N116/142*100) -> 72.535211 | P116: =IF(COUNT(K116,M116,O116)=0,"",AVERAGE(K116,M116,O116)) -> 59.64507 | Q116: =IF($A116="Class of 2022","",IFERROR(INDEX(CAT4_2022_2023!$F:$F,MATCH($B116,CAT4_2022_2023!$A:$A,0)),IFERROR(INDEX(CAT4_2021_2022!$F:$F,MATCH($B116,CAT4_2021_2022!$A:$A,0)),""))) -> Mild spatial bias | R116: =IF($A116="Class of 2022","",IFERROR(INDEX(CAT4_2022_2023!$G:$G,MATCH($B116,CAT4_2022_2023!$A:$A,0)),IFERROR(INDEX(CAT4_2021_2022!$G:$G,MATCH($B116,CAT4_2021_2022!$A:$A,0)),""))) -> 86 | S116: =IF($A116="Class of 2022","",IFERROR(INDEX(CAT4_2022_2023!$H:$H,MATCH($B116,CAT4_2022_2023!$A:$A,0)),IFERROR(INDEX(CAT4_2021_2022!$H:$H,MATCH($B116,CAT4_2021_2022!$A:$A,0)),""))) -> 114 | T116: =IF($A116="Class of 2022","",IFERROR(INDEX(CAT4_2022_2023!$I:$I,MATCH($B116,CAT4_2022_2023!$A:$A,0)),IFERROR(INDEX(CAT4_2021_2022!$I:$I,MATCH($B116,CAT4_2021_2022!$A:$A,0)),""))) -> 108 | U116: =IF($A116="Class of 2022","",IFERROR(INDEX(CAT4_2022_2023!$J:$J,MATCH($B116,CAT4_2022_2023!$A:$A,0)),IFERROR(INDEX(CAT4_2021_2022!$J:$J,MATCH($B116,CAT4_2021_2022!$A:$A,0)),""))) -> 102 | W116: 2024 admissions; 2024 accepted list
A117: Class of 2024 | B117: 30663406453 | C117: TURKI HAMED A A AL-SHEEB | I117: B1 | J117: 116 | K117: =IF(J117="","",J117/250*100) -> 46.4 | L117: 25 | M117: =IF(L117="","",L117/50*100) -> 50 | N117: =IF(COUNT(R117:U117)=0,"",ROUND(AVERAGE(R117:U117),0)) -> 99 | O117: =IF(N117="","",N117/142*100) -> 69.71831 | P117: =IF(COUNT(K117,M117,O117)=0,"",AVERAGE(K117,M117,O117)) -> 55.37277 | Q117: =IF($A117="Class of 2022","",IFERROR(INDEX(CAT4_2022_2023!$F:$F,MATCH($B117,CAT4_2022_2023!$A:$A,0)),IFERROR(INDEX(CAT4_2021_2022!$F:$F,MATCH($B117,CAT4_2021_2022!$A:$A,0)),""))) -> Extreme spatial bias | R117: =IF($A117="Class of 2022","",IFERROR(INDEX(CAT4_2022_2023!$G:$G,MATCH($B117,CAT4_2022_2023!$A:$A,0)),IFERROR(INDEX(CAT4_2021_2022!$G:$G,MATCH($B117,CAT4_2021_2022!$A:$A,0)),""))) -> 68 | S117: =IF($A117="Class of 2022","",IFERROR(INDEX(CAT4_2022_2023!$H:$H,MATCH($B117,CAT4_2022_2023!$A:$A,0)),IFERROR(INDEX(CAT4_2021_2022!$H:$H,MATCH($B117,CAT4_2021_2022!$A:$A,0)),""))) -> 103 | T117: =IF($A117="Class of 2022","",IFERROR(INDEX(CAT4_2022_2023!$I:$I,MATCH($B117,CAT4_2022_2023!$A:$A,0)),IFERROR(INDEX(CAT4_2021_2022!$I:$I,MATCH($B117,CAT4_2021_2022!$A:$A,0)),""))) -> 119 | U117: =IF($A117="Class of 2022","",IFERROR(INDEX(CAT4_2022_2023!$J:$J,MATCH($B117,CAT4_2022_2023!$A:$A,0)),IFERROR(INDEX(CAT4_2021_2022!$J:$J,MATCH($B117,CAT4_2021_2022!$A:$A,0)),""))) -> 104 | W117: 2024 admissions; 2024 accepted list
A118: Class of 2024 | B118: 30763400144 | C118: KHALID FAHAD M I HUSSAIN | I118: B2 | J118: 159 | K118: =IF(J118="","",J118/250*100) -> 63.6 | L118: 28 | M118: =IF(L118="","",L118/50*100) -> 56 | N118: =IF(COUNT(R118:U118)=0,"",ROUND(AVERAGE(R118:U118),0)) -> 104 | O118: =IF(N118="","",N118/142*100) -> 73.239437 | P118: =IF(COUNT(K118,M118,O118)=0,"",AVERAGE(K118,M118,O118)) -> 64.279812 | Q118: =IF($A118="Class of 2022","",IFERROR(INDEX(CAT4_2022_2023!$F:$F,MATCH($B118,CAT4_2022_2023!$A:$A,0)),IFERROR(INDEX(CAT4_2021_2022!$F:$F,MATCH($B118,CAT4_2021_2022!$A:$A,0)),""))) -> No bias | R118: =IF($A118="Class of 2022","",IFERROR(INDEX(CAT4_2022_2023!$G:$G,MATCH($B118,CAT4_2022_2023!$A:$A,0)),IFERROR(INDEX(CAT4_2021_2022!$G:$G,MATCH($B118,CAT4_2021_2022!$A:$A,0)),""))) -> 109 | S118: =IF($A118="Class of 2022","",IFERROR(INDEX(CAT4_2022_2023!$H:$H,MATCH($B118,CAT4_2022_2023!$A:$A,0)),IFERROR(INDEX(CAT4_2021_2022!$H:$H,MATCH($B118,CAT4_2021_2022!$A:$A,0)),""))) -> 103 | T118: =IF($A118="Class of 2022","",IFERROR(INDEX(CAT4_2022_2023!$I:$I,MATCH($B118,CAT4_2022_2023!$A:$A,0)),IFERROR(INDEX(CAT4_2021_2022!$I:$I,MATCH($B118,CAT4_2021_2022!$A:$A,0)),""))) -> 105 | U118: =IF($A118="Class of 2022","",IFERROR(INDEX(CAT4_2022_2023!$J:$J,MATCH($B118,CAT4_2022_2023!$A:$A,0)),IFERROR(INDEX(CAT4_2021_2022!$J:$J,MATCH($B118,CAT4_2021_2022!$A:$A,0)),""))) -> 100 | W118: 2024 admissions; 2024 accepted list
A119: Class of 2024 | B119: 30663402879 | C119: SAOUD KHALED S A EL-KADY | I119: B1 | J119: 113 | K119: =IF(J119="","",J119/250*100) -> 45.2 | L119: 22 | M119: =IF(L119="","",L119/50*100) -> 44 | N119: =IF(COUNT(R119:U119)=0,"",ROUND(AVERAGE(R119:U119),0)) -> 97 | O119: =IF(N119="","",N119/142*100) -> 68.309859 | P119: =IF(COUNT(K119,M119,O119)=0,"",AVERAGE(K119,M119,O119)) -> 52.503286 | Q119: =IF($A119="Class of 2022","",IFERROR(INDEX(CAT4_2022_2023!$F:$F,MATCH($B119,CAT4_2022_2023!$A:$A,0)),IFERROR(INDEX(CAT4_2021_2022!$F:$F,MATCH($B119,CAT4_2021_2022!$A:$A,0)),""))) -> Extreme spatial bias | R119: =IF($A119="Class of 2022","",IFERROR(INDEX(CAT4_2022_2023!$G:$G,MATCH($B119,CAT4_2022_2023!$A:$A,0)),IFERROR(INDEX(CAT4_2021_2022!$G:$G,MATCH($B119,CAT4_2021_2022!$A:$A,0)),""))) -> 75 | S119: =IF($A119="Class of 2022","",IFERROR(INDEX(CAT4_2022_2023!$H:$H,MATCH($B119,CAT4_2022_2023!$A:$A,0)),IFERROR(INDEX(CAT4_2021_2022!$H:$H,MATCH($B119,CAT4_2021_2022!$A:$A,0)),""))) -> 114 | T119: =IF($A119="Class of 2022","",IFERROR(INDEX(CAT4_2022_2023!$I:$I,MATCH($B119,CAT4_2022_2023!$A:$A,0)),IFERROR(INDEX(CAT4_2021_2022!$I:$I,MATCH($B119,CAT4_2021_2022!$A:$A,0)),""))) -> 94 | U119: =IF($A119="Class of 2022","",IFERROR(INDEX(CAT4_2022_2023!$J:$J,MATCH($B119,CAT4_2022_2023!$A:$A,0)),IFERROR(INDEX(CAT4_2021_2022!$J:$J,MATCH($B119,CAT4_2021_2022!$A:$A,0)),""))) -> 104 | W119: 2024 admissions; 2024 accepted list
A120: Class of 2024 | B120: 30763402819 | C120: SAOUD ABDULAZIZ A M ASKAR | I120: B2 | J120: 161 | K120: =IF(J120="","",J120/250*100) -> 64.4 | L120: 26 | M120: =IF(L120="","",L120/50*100) -> 52 | N120: =IF(COUNT(R120:U120)=0,"",ROUND(AVERAGE(R120:U120),0)) -> 100 | O120: =IF(N120="","",N120/142*100) -> 70.422535 | P120: =IF(COUNT(K120,M120,O120)=0,"",AVERAGE(K120,M120,O120)) -> 62.274178 | Q120: =IF($A120="Class of 2022","",IFERROR(INDEX(CAT4_2022_2023!$F:$F,MATCH($B120,CAT4_2022_2023!$A:$A,0)),IFERROR(INDEX(CAT4_2021_2022!$F:$F,MATCH($B120,CAT4_2021_2022!$A:$A,0)),""))) -> Moderate spatial bias | R120: =IF($A120="Class of 2022","",IFERROR(INDEX(CAT4_2022_2023!$G:$G,MATCH($B120,CAT4_2022_2023!$A:$A,0)),IFERROR(INDEX(CAT4_2021_2022!$G:$G,MATCH($B120,CAT4_2021_2022!$A:$A,0)),""))) -> 86 | S120: =IF($A120="Class of 2022","",IFERROR(INDEX(CAT4_2022_2023!$H:$H,MATCH($B120,CAT4_2022_2023!$A:$A,0)),IFERROR(INDEX(CAT4_2021_2022!$H:$H,MATCH($B120,CAT4_2021_2022!$A:$A,0)),""))) -> 103 | T120: =IF($A120="Class of 2022","",IFERROR(INDEX(CAT4_2022_2023!$I:$I,MATCH($B120,CAT4_2022_2023!$A:$A,0)),IFERROR(INDEX(CAT4_2021_2022!$I:$I,MATCH($B120,CAT4_2021_2022!$A:$A,0)),""))) -> 108 | U120: =IF($A120="Class of 2022","",IFERROR(INDEX(CAT4_2022_2023!$J:$J,MATCH($B120,CAT4_2022_2023!$A:$A,0)),IFERROR(INDEX(CAT4_2021_2022!$J:$J,MATCH($B120,CAT4_2021_2022!$A:$A,0)),""))) -> 104 | W120: 2024 admissions; 2024 accepted list
A121: Class of 2024 | B121: 30663406053 | C121: SULTAN ALI M A AL-OBAIDLI | I121: B2 | J121: 145 | K121: =IF(J121="","",J121/250*100) -> 58 | L121: 18 | M121: =IF(L121="","",L121/50*100) -> 36 | N121: =IF(COUNT(R121:U121)=0,"",ROUND(AVERAGE(R121:U121),0)) -> 98 | O121: =IF(N121="","",N121/142*100) -> 69.014085 | P121: =IF(COUNT(K121,M121,O121)=0,"",AVERAGE(K121,M121,O121)) -> 54.338028 | Q121: =IF($A121="Class of 2022","",IFERROR(INDEX(CAT4_2022_2023!$F:$F,MATCH($B121,CAT4_2022_2023!$A:$A,0)),IFERROR(INDEX(CAT4_2021_2022!$F:$F,MATCH($B121,CAT4_2021_2022!$A:$A,0)),""))) -> Extreme spatial bias | R121: =IF($A121="Class of 2022","",IFERROR(INDEX(CAT4_2022_2023!$G:$G,MATCH($B121,CAT4_2022_2023!$A:$A,0)),IFERROR(INDEX(CAT4_2021_2022!$G:$G,MATCH($B121,CAT4_2021_2022!$A:$A,0)),""))) -> 80 | S121: =IF($A121="Class of 2022","",IFERROR(INDEX(CAT4_2022_2023!$H:$H,MATCH($B121,CAT4_2022_2023!$A:$A,0)),IFERROR(INDEX(CAT4_2021_2022!$H:$H,MATCH($B121,CAT4_2021_2022!$A:$A,0)),""))) -> 106 | T121: =IF($A121="Class of 2022","",IFERROR(INDEX(CAT4_2022_2023!$I:$I,MATCH($B121,CAT4_2022_2023!$A:$A,0)),IFERROR(INDEX(CAT4_2021_2022!$I:$I,MATCH($B121,CAT4_2021_2022!$A:$A,0)),""))) -> 101 | U121: =IF($A121="Class of 2022","",IFERROR(INDEX(CAT4_2022_2023!$J:$J,MATCH($B121,CAT4_2022_2023!$A:$A,0)),IFERROR(INDEX(CAT4_2021_2022!$J:$J,MATCH($B121,CAT4_2021_2022!$A:$A,0)),""))) -> 105 | W121: 2024 admissions; 2024 accepted list
A122: Class of 2024 | B122: 30763404744 | C122: SALEH GHANIM M A AL-MAHMOUDI | I122: B1 | J122: 125 | K122: =IF(J122="","",J122/250*100) -> 50 | L122: 22 | M122: =IF(L122="","",L122/50*100) -> 44 | N122: =IF(COUNT(R122:U122)=0,"",ROUND(AVERAGE(R122:U122),0)) -> 92 | O122: =IF(N122="","",N122/142*100) -> 64.788732 | P122: =IF(COUNT(K122,M122,O122)=0,"",AVERAGE(K122,M122,O122)) -> 52.929577 | Q122: =IF($A122="Class of 2022","",IFERROR(INDEX(CAT4_2022_2023!$F:$F,MATCH($B122,CAT4_2022_2023!$A:$A,0)),IFERROR(INDEX(CAT4_2021_2022!$F:$F,MATCH($B122,CAT4_2021_2022!$A:$A,0)),""))) -> Moderate spatial bias | R122: =IF($A122="Class of 2022","",IFERROR(INDEX(CAT4_2022_2023!$G:$G,MATCH($B122,CAT4_2022_2023!$A:$A,0)),IFERROR(INDEX(CAT4_2021_2022!$G:$G,MATCH($B122,CAT4_2021_2022!$A:$A,0)),""))) -> 78 | S122: =IF($A122="Class of 2022","",IFERROR(INDEX(CAT4_2022_2023!$H:$H,MATCH($B122,CAT4_2022_2023!$A:$A,0)),IFERROR(INDEX(CAT4_2021_2022!$H:$H,MATCH($B122,CAT4_2021_2022!$A:$A,0)),""))) -> 98 | T122: =IF($A122="Class of 2022","",IFERROR(INDEX(CAT4_2022_2023!$I:$I,MATCH($B122,CAT4_2022_2023!$A:$A,0)),IFERROR(INDEX(CAT4_2021_2022!$I:$I,MATCH($B122,CAT4_2021_2022!$A:$A,0)),""))) -> 92 | U122: =IF($A122="Class of 2022","",IFERROR(INDEX(CAT4_2022_2023!$J:$J,MATCH($B122,CAT4_2022_2023!$A:$A,0)),IFERROR(INDEX(CAT4_2021_2022!$J:$J,MATCH($B122,CAT4_2021_2022!$A:$A,0)),""))) -> 100 | W122: 2024 admissions; 2024 accepted list
A123: Class of 2024 | B123: 30663405182 | C123: ABDULRAHMAN HAMAD A M KHALIL | I123: B2 | J123: 147 | K123: =IF(J123="","",J123/250*100) -> 58.8 | L123: 19 | M123: =IF(L123="","",L123/50*100) -> 38 | N123: =IF(COUNT(R123:U123)=0,"",ROUND(AVERAGE(R123:U123),0)) -> 96 | O123: =IF(N123="","",N123/142*100) -> 67.605634 | P123: =IF(COUNT(K123,M123,O123)=0,"",AVERAGE(K123,M123,O123)) -> 54.801878 | Q123: =IF($A123="Class of 2022","",IFERROR(INDEX(CAT4_2022_2023!$F:$F,MATCH($B123,CAT4_2022_2023!$A:$A,0)),IFERROR(INDEX(CAT4_2021_2022!$F:$F,MATCH($B123,CAT4_2021_2022!$A:$A,0)),""))) -> No bias | R123: =IF($A123="Class of 2022","",IFERROR(INDEX(CAT4_2022_2023!$G:$G,MATCH($B123,CAT4_2022_2023!$A:$A,0)),IFERROR(INDEX(CAT4_2021_2022!$G:$G,MATCH($B123,CAT4_2021_2022!$A:$A,0)),""))) -> 89 | S123: =IF($A123="Class of 2022","",IFERROR(INDEX(CAT4_2022_2023!$H:$H,MATCH($B123,CAT4_2022_2023!$A:$A,0)),IFERROR(INDEX(CAT4_2021_2022!$H:$H,MATCH($B123,CAT4_2021_2022!$A:$A,0)),""))) -> 100 | T123: =IF($A123="Class of 2022","",IFERROR(INDEX(CAT4_2022_2023!$I:$I,MATCH($B123,CAT4_2022_2023!$A:$A,0)),IFERROR(INDEX(CAT4_2021_2022!$I:$I,MATCH($B123,CAT4_2021_2022!$A:$A,0)),""))) -> 92 | U123: =IF($A123="Class of 2022","",IFERROR(INDEX(CAT4_2022_2023!$J:$J,MATCH($B123,CAT4_2022_2023!$A:$A,0)),IFERROR(INDEX(CAT4_2021_2022!$J:$J,MATCH($B123,CAT4_2021_2022!$A:$A,0)),""))) -> 102 | W123: 2024 admissions; 2024 accepted list
A124: Class of 2024 | B124: 30663401952 | C124: ABDULRAHMAN ESSA A H AL-ANSARI | I124: B1 | J124: 140 | K124: =IF(J124="","",J124/250*100) -> 56 | L124: 23 | M124: =IF(L124="","",L124/50*100) -> 46 | N124: =IF(COUNT(R124:U124)=0,"",ROUND(AVERAGE(R124:U124),0)) -> 102 | O124: =IF(N124="","",N124/142*100) -> 71.830986 | P124: =IF(COUNT(K124,M124,O124)=0,"",AVERAGE(K124,M124,O124)) -> 57.943662 | Q124: =IF($A124="Class of 2022","",IFERROR(INDEX(CAT4_2022_2023!$F:$F,MATCH($B124,CAT4_2022_2023!$A:$A,0)),IFERROR(INDEX(CAT4_2021_2022!$F:$F,MATCH($B124,CAT4_2021_2022!$A:$A,0)),""))) -> Moderate spatial bias | R124: =IF($A124="Class of 2022","",IFERROR(INDEX(CAT4_2022_2023!$G:$G,MATCH($B124,CAT4_2022_2023!$A:$A,0)),IFERROR(INDEX(CAT4_2021_2022!$G:$G,MATCH($B124,CAT4_2021_2022!$A:$A,0)),""))) -> 83 | S124: =IF($A124="Class of 2022","",IFERROR(INDEX(CAT4_2022_2023!$H:$H,MATCH($B124,CAT4_2022_2023!$A:$A,0)),IFERROR(INDEX(CAT4_2021_2022!$H:$H,MATCH($B124,CAT4_2021_2022!$A:$A,0)),""))) -> 106 | T124: =IF($A124="Class of 2022","",IFERROR(INDEX(CAT4_2022_2023!$I:$I,MATCH($B124,CAT4_2022_2023!$A:$A,0)),IFERROR(INDEX(CAT4_2021_2022!$I:$I,MATCH($B124,CAT4_2021_2022!$A:$A,0)),""))) -> 110 | U124: =IF($A124="Class of 2022","",IFERROR(INDEX(CAT4_2022_2023!$J:$J,MATCH($B124,CAT4_2022_2023!$A:$A,0)),IFERROR(INDEX(CAT4_2021_2022!$J:$J,MATCH($B124,CAT4_2021_2022!$A:$A,0)),""))) -> 107 | W124: 2024 admissions; 2024 accepted list
A125: Class of 2024 | B125: 30763402175 | C125: ABDULRAHMAN FAHAD A A AL-HEIDOUS | I125: B2 | J125: 162 | K125: =IF(J125="","",J125/250*100) -> 64.8 | L125: 30 | M125: =IF(L125="","",L125/50*100) -> 60 | N125: =IF(COUNT(R125:U125)=0,"",ROUND(AVERAGE(R125:U125),0)) -> 100 | O125: =IF(N125="","",N125/142*100) -> 70.422535 | P125: =IF(COUNT(K125,M125,O125)=0,"",AVERAGE(K125,M125,O125)) -> 65.074178 | Q125: =IF($A125="Class of 2022","",IFERROR(INDEX(CAT4_2022_2023!$F:$F,MATCH($B125,CAT4_2022_2023!$A:$A,0)),IFERROR(INDEX(CAT4_2021_2022!$F:$F,MATCH($B125,CAT4_2021_2022!$A:$A,0)),""))) -> No bias | R125: =IF($A125="Class of 2022","",IFERROR(INDEX(CAT4_2022_2023!$G:$G,MATCH($B125,CAT4_2022_2023!$A:$A,0)),IFERROR(INDEX(CAT4_2021_2022!$G:$G,MATCH($B125,CAT4_2021_2022!$A:$A,0)),""))) -> 95 | S125: =IF($A125="Class of 2022","",IFERROR(INDEX(CAT4_2022_2023!$H:$H,MATCH($B125,CAT4_2022_2023!$A:$A,0)),IFERROR(INDEX(CAT4_2021_2022!$H:$H,MATCH($B125,CAT4_2021_2022!$A:$A,0)),""))) -> 106 | T125: =IF($A125="Class of 2022","",IFERROR(INDEX(CAT4_2022_2023!$I:$I,MATCH($B125,CAT4_2022_2023!$A:$A,0)),IFERROR(INDEX(CAT4_2021_2022!$I:$I,MATCH($B125,CAT4_2021_2022!$A:$A,0)),""))) -> 101 | U125: =IF($A125="Class of 2022","",IFERROR(INDEX(CAT4_2022_2023!$J:$J,MATCH($B125,CAT4_2022_2023!$A:$A,0)),IFERROR(INDEX(CAT4_2021_2022!$J:$J,MATCH($B125,CAT4_2021_2022!$A:$A,0)),""))) -> 97 | W125: 2024 admissions; 2024 accepted list
